Timestamp,Stock Symbol,Stock Close Price,Future Symbol,Future Close Price,Difference
2025-04-01T09:15:00+0530,NSE:ANGELONE,2277.2,NFO:ANGELONE25APRFUT,2170,107.2
2025-04-01T09:16:00+0530,NSE:ANGELONE,2298.2,NFO:ANGELONE25APRFUT,2196.95,101.25
2025-04-01T09:17:00+0530,NSE:ANGELONE,2318.2,NFO:ANGELONE25APRFUT,2218.75,99.45
2025-04-01T09:18:00+0530,NSE:ANGELONE,2322.7,NFO:ANGELONE25APRFUT,2220.45,102.25
2025-04-01T09:19:00+0530,NSE:ANGELONE,2310.45,NFO:ANGELONE25APRFUT,2213.45,97.0
2025-04-01T09:20:00+0530,NSE:ANGELONE,2320.75,NFO:ANGELONE25APRFUT,2212.45,108.3
2025-04-01T09:21:00+0530,NSE:ANGELONE,2331.55,NFO:ANGELONE25APRFUT,2225,106.55
2025-04-01T09:22:00+0530,NSE:ANGELONE,2330.25,NFO:ANGELONE25APRFUT,2224.85,105.4
2025-04-01T09:23:00+0530,NSE:ANGELONE,2331.15,NFO:ANGELONE25APRFUT,2219.85,111.3
2025-04-01T09:24:00+0530,NSE:ANGELONE,2321.1,NFO:ANGELONE25APRFUT,2211.3,109.8
2025-04-01T09:25:00+0530,NSE:ANGELONE,2313.8,NFO:ANGELONE25APRFUT,2204,109.8
2025-04-01T09:26:00+0530,NSE:ANGELONE,2323.4,NFO:ANGELONE25APRFUT,2210,113.4
2025-04-01T09:27:00+0530,NSE:ANGELONE,2317.35,NFO:ANGELONE25APRFUT,2199.65,117.7
2025-04-01T09:28:00+0530,NSE:ANGELONE,2318.7,NFO:ANGELONE25APRFUT,2198.9,119.8
2025-04-01T09:29:00+0530,NSE:ANGELONE,2323.7,NFO:ANGELONE25APRFUT,2207.2,116.5
2025-04-01T09:30:00+0530,NSE:ANGELONE,2329,NFO:ANGELONE25APRFUT,2211.4,117.6
2025-04-01T09:31:00+0530,NSE:ANGELONE,2333,NFO:ANGELONE25APRFUT,2207.3,125.7
2025-04-01T09:32:00+0530,NSE:ANGELONE,2335.6,NFO:ANGELONE25APRFUT,2219.05,116.55
2025-04-01T09:33:00+0530,NSE:ANGELONE,2333.25,NFO:ANGELONE25APRFUT,2214.05,119.2
2025-04-01T09:34:00+0530,NSE:ANGELONE,2333.9,NFO:ANGELONE25APRFUT,2217.35,116.55
2025-04-01T09:35:00+0530,NSE:ANGELONE,2344,NFO:ANGELONE25APRFUT,2225.2,118.8
2025-04-01T09:36:00+0530,NSE:ANGELONE,2347,NFO:ANGELONE25APRFUT,2227.65,119.35
2025-04-01T09:37:00+0530,NSE:ANGELONE,2348.95,NFO:ANGELONE25APRFUT,2227.2,121.75
2025-04-01T09:38:00+0530,NSE:ANGELONE,2350.3,NFO:ANGELONE25APRFUT,2232.45,117.85
2025-04-01T09:39:00+0530,NSE:ANGELONE,2344.55,NFO:ANGELONE25APRFUT,2225.45,119.1
2025-04-01T09:40:00+0530,NSE:ANGELONE,2350.75,NFO:ANGELONE25APRFUT,2230,120.75
2025-04-01T09:41:00+0530,NSE:ANGELONE,2351,NFO:ANGELONE25APRFUT,2232,119.0
2025-04-01T09:42:00+0530,NSE:ANGELONE,2348.65,NFO:ANGELONE25APRFUT,2230.1,118.55
2025-04-01T09:43:00+0530,NSE:ANGELONE,2357.1,NFO:ANGELONE25APRFUT,2239,118.1
2025-04-01T09:44:00+0530,NSE:ANGELONE,2363.95,NFO:ANGELONE25APRFUT,2245,118.95
2025-04-01T09:45:00+0530,NSE:ANGELONE,2360.15,NFO:ANGELONE25APRFUT,2242.4,117.75
2025-04-01T09:46:00+0530,NSE:ANGELONE,2366.75,NFO:ANGELONE25APRFUT,2249.5,117.25
2025-04-01T09:47:00+0530,NSE:ANGELONE,2364,NFO:ANGELONE25APRFUT,2251.3,112.7
2025-04-01T09:48:00+0530,NSE:ANGELONE,2360.65,NFO:ANGELONE25APRFUT,2248,112.65
2025-04-01T09:49:00+0530,NSE:ANGELONE,2359.5,NFO:ANGELONE25APRFUT,2249.8,109.7
2025-04-01T09:50:00+0530,NSE:ANGELONE,2351.1,NFO:ANGELONE25APRFUT,2243,108.1
2025-04-01T09:51:00+0530,NSE:ANGELONE,2352.05,NFO:ANGELONE25APRFUT,2241.1,110.95
2025-04-01T09:52:00+0530,NSE:ANGELONE,2355.8,NFO:ANGELONE25APRFUT,2246.1,109.7
2025-04-01T09:53:00+0530,NSE:ANGELONE,2360.1,NFO:ANGELONE25APRFUT,2253.45,106.65
2025-04-01T09:54:00+0530,NSE:ANGELONE,2356.55,NFO:ANGELONE25APRFUT,2251,105.55
2025-04-01T09:55:00+0530,NSE:ANGELONE,2351.75,NFO:ANGELONE25APRFUT,2246.5,105.25
2025-04-01T09:56:00+0530,NSE:ANGELONE,2349.45,NFO:ANGELONE25APRFUT,2245.55,103.9
2025-04-01T09:57:00+0530,NSE:ANGELONE,2349.7,NFO:ANGELONE25APRFUT,2247.9,101.8
2025-04-01T09:58:00+0530,NSE:ANGELONE,2349.75,NFO:ANGELONE25APRFUT,2245.05,104.7
2025-04-01T09:59:00+0530,NSE:ANGELONE,2354.55,NFO:ANGELONE25APRFUT,2253.95,100.6
2025-04-01T10:00:00+0530,NSE:ANGELONE,2351.65,NFO:ANGELONE25APRFUT,2252,99.65
2025-04-01T10:01:00+0530,NSE:ANGELONE,2346,NFO:ANGELONE25APRFUT,2244.5,101.5
2025-04-01T10:02:00+0530,NSE:ANGELONE,2345.35,NFO:ANGELONE25APRFUT,2245.4,99.95
2025-04-01T10:03:00+0530,NSE:ANGELONE,2350.1,NFO:ANGELONE25APRFUT,2251.85,98.25
2025-04-01T10:04:00+0530,NSE:ANGELONE,2347.75,NFO:ANGELONE25APRFUT,2245.3,102.45
2025-04-01T10:05:00+0530,NSE:ANGELONE,2348.65,NFO:ANGELONE25APRFUT,2245,103.65
2025-04-01T10:06:00+0530,NSE:ANGELONE,2346.5,NFO:ANGELONE25APRFUT,2242,104.5
2025-04-01T10:07:00+0530,NSE:ANGELONE,2342.9,NFO:ANGELONE25APRFUT,2238.05,104.85
2025-04-01T10:08:00+0530,NSE:ANGELONE,2343.95,NFO:ANGELONE25APRFUT,2239.45,104.5
2025-04-01T10:09:00+0530,NSE:ANGELONE,2342.55,NFO:ANGELONE25APRFUT,2233.85,108.7
2025-04-01T10:10:00+0530,NSE:ANGELONE,2346.7,NFO:ANGELONE25APRFUT,2235.15,111.55
2025-04-01T10:11:00+0530,NSE:ANGELONE,2347.4,NFO:ANGELONE25APRFUT,2235,112.4
2025-04-01T10:12:00+0530,NSE:ANGELONE,2346.95,NFO:ANGELONE25APRFUT,2231.55,115.4
2025-04-01T10:13:00+0530,NSE:ANGELONE,2342.45,NFO:ANGELONE25APRFUT,2227.6,114.85
2025-04-01T10:14:00+0530,NSE:ANGELONE,2341,NFO:ANGELONE25APRFUT,2224.9,116.1
2025-04-01T10:15:00+0530,NSE:ANGELONE,2346.65,NFO:ANGELONE25APRFUT,2226.1,120.55
2025-04-01T10:16:00+0530,NSE:ANGELONE,2348.7,NFO:ANGELONE25APRFUT,2227.9,120.8
2025-04-01T10:17:00+0530,NSE:ANGELONE,2349,NFO:ANGELONE25APRFUT,2228.4,120.6
2025-04-01T10:18:00+0530,NSE:ANGELONE,2347,NFO:ANGELONE25APRFUT,2228,119.0
2025-04-01T10:19:00+0530,NSE:ANGELONE,2348.25,NFO:ANGELONE25APRFUT,2230.95,117.3
2025-04-01T10:20:00+0530,NSE:ANGELONE,2350.55,NFO:ANGELONE25APRFUT,2230.05,120.5
2025-04-01T10:21:00+0530,NSE:ANGELONE,2348.85,NFO:ANGELONE25APRFUT,2231.8,117.05
2025-04-01T10:22:00+0530,NSE:ANGELONE,2347.75,NFO:ANGELONE25APRFUT,2230,117.75
2025-04-01T10:23:00+0530,NSE:ANGELONE,2346.95,NFO:ANGELONE25APRFUT,2228.25,118.7
2025-04-01T10:24:00+0530,NSE:ANGELONE,2341.45,NFO:ANGELONE25APRFUT,2218.45,123.0
2025-04-01T10:25:00+0530,NSE:ANGELONE,2340,NFO:ANGELONE25APRFUT,2218.1,121.9
2025-04-01T10:26:00+0530,NSE:ANGELONE,2337.55,NFO:ANGELONE25APRFUT,2219.4,118.15
2025-04-01T10:27:00+0530,NSE:ANGELONE,2341,NFO:ANGELONE25APRFUT,2219.15,121.85
2025-04-01T10:28:00+0530,NSE:ANGELONE,2339.35,NFO:ANGELONE25APRFUT,2220.4,118.95
2025-04-01T10:29:00+0530,NSE:ANGELONE,2336.95,NFO:ANGELONE25APRFUT,2216.95,120.0
2025-04-01T10:30:00+0530,NSE:ANGELONE,2337,NFO:ANGELONE25APRFUT,2217.95,119.05
2025-04-01T10:31:00+0530,NSE:ANGELONE,2332.3,NFO:ANGELONE25APRFUT,2212.85,119.45
2025-04-01T10:32:00+0530,NSE:ANGELONE,2333.6,NFO:ANGELONE25APRFUT,2210.7,122.9
2025-04-01T10:33:00+0530,NSE:ANGELONE,2334.15,NFO:ANGELONE25APRFUT,2211.35,122.8
2025-04-01T10:34:00+0530,NSE:ANGELONE,2333.3,NFO:ANGELONE25APRFUT,2211.8,121.5
2025-04-01T10:35:00+0530,NSE:ANGELONE,2337,NFO:ANGELONE25APRFUT,2215,122.0
2025-04-01T10:36:00+0530,NSE:ANGELONE,2338.05,NFO:ANGELONE25APRFUT,2218.2,119.85
2025-04-01T10:37:00+0530,NSE:ANGELONE,2341.45,NFO:ANGELONE25APRFUT,2218.35,123.1
2025-04-01T10:38:00+0530,NSE:ANGELONE,2346.3,NFO:ANGELONE25APRFUT,2225,121.3
2025-04-01T10:39:00+0530,NSE:ANGELONE,2345.8,NFO:ANGELONE25APRFUT,2224.25,121.55
2025-04-01T10:40:00+0530,NSE:ANGELONE,2345.8,NFO:ANGELONE25APRFUT,2222.5,123.3
2025-04-01T10:41:00+0530,NSE:ANGELONE,2349.9,NFO:ANGELONE25APRFUT,2225.9,124.0
2025-04-01T10:42:00+0530,NSE:ANGELONE,2350.45,NFO:ANGELONE25APRFUT,2230.3,120.15
2025-04-01T10:43:00+0530,NSE:ANGELONE,2349.1,NFO:ANGELONE25APRFUT,2228.7,120.4
2025-04-01T10:44:00+0530,NSE:ANGELONE,2354.45,NFO:ANGELONE25APRFUT,2234.3,120.15
2025-04-01T10:45:00+0530,NSE:ANGELONE,2347.95,NFO:ANGELONE25APRFUT,2230,117.95
2025-04-01T10:46:00+0530,NSE:ANGELONE,2352,NFO:ANGELONE25APRFUT,2233.05,118.95
2025-04-01T10:47:00+0530,NSE:ANGELONE,2351.75,NFO:ANGELONE25APRFUT,2234,117.75
2025-04-01T10:48:00+0530,NSE:ANGELONE,2355,NFO:ANGELONE25APRFUT,2237.8,117.2
2025-04-01T10:49:00+0530,NSE:ANGELONE,2355.15,NFO:ANGELONE25APRFUT,2239.85,115.3
2025-04-01T10:50:00+0530,NSE:ANGELONE,2352.7,NFO:ANGELONE25APRFUT,2238,114.7
2025-04-01T10:51:00+0530,NSE:ANGELONE,2352.3,NFO:ANGELONE25APRFUT,2238.05,114.25
2025-04-01T10:52:00+0530,NSE:ANGELONE,2349.45,NFO:ANGELONE25APRFUT,2236.95,112.5
2025-04-01T10:53:00+0530,NSE:ANGELONE,2347,NFO:ANGELONE25APRFUT,2235,112.0
2025-04-01T10:54:00+0530,NSE:ANGELONE,2350.45,NFO:ANGELONE25APRFUT,2236,114.45
2025-04-01T10:55:00+0530,NSE:ANGELONE,2350,NFO:ANGELONE25APRFUT,2235.1,114.9
2025-04-01T10:56:00+0530,NSE:ANGELONE,2345.25,NFO:ANGELONE25APRFUT,2230,115.25
2025-04-01T10:57:00+0530,NSE:ANGELONE,2349.35,NFO:ANGELONE25APRFUT,2233.85,115.5
2025-04-01T10:58:00+0530,NSE:ANGELONE,2348.7,NFO:ANGELONE25APRFUT,2231.85,116.85
2025-04-01T10:59:00+0530,NSE:ANGELONE,2346,NFO:ANGELONE25APRFUT,2229,117.0
2025-04-01T11:00:00+0530,NSE:ANGELONE,2346.2,NFO:ANGELONE25APRFUT,2230.2,116.0
2025-04-01T11:01:00+0530,NSE:ANGELONE,2345.9,NFO:ANGELONE25APRFUT,2228.1,117.8
2025-04-01T11:02:00+0530,NSE:ANGELONE,2348.2,NFO:ANGELONE25APRFUT,2233.1,115.1
2025-04-01T11:03:00+0530,NSE:ANGELONE,2346.95,NFO:ANGELONE25APRFUT,2228.8,118.15
2025-04-01T11:04:00+0530,NSE:ANGELONE,2342.15,NFO:ANGELONE25APRFUT,2225,117.15
2025-04-01T11:05:00+0530,NSE:ANGELONE,2345.05,NFO:ANGELONE25APRFUT,2227.65,117.4
2025-04-01T11:06:00+0530,NSE:ANGELONE,2345.15,NFO:ANGELONE25APRFUT,2225.25,119.9
2025-04-01T11:07:00+0530,NSE:ANGELONE,2346.35,NFO:ANGELONE25APRFUT,2229.6,116.75
2025-04-01T11:08:00+0530,NSE:ANGELONE,2346.15,NFO:ANGELONE25APRFUT,2228,118.15
2025-04-01T11:09:00+0530,NSE:ANGELONE,2345.85,NFO:ANGELONE25APRFUT,2228.9,116.95
2025-04-01T11:10:00+0530,NSE:ANGELONE,2342.9,NFO:ANGELONE25APRFUT,2227.05,115.85
2025-04-01T11:11:00+0530,NSE:ANGELONE,2347.95,NFO:ANGELONE25APRFUT,2229.65,118.3
2025-04-01T11:12:00+0530,NSE:ANGELONE,2349.55,NFO:ANGELONE25APRFUT,2229.65,119.9
2025-04-01T11:13:00+0530,NSE:ANGELONE,2349.6,NFO:ANGELONE25APRFUT,2230.4,119.2
2025-04-01T11:14:00+0530,NSE:ANGELONE,2346.35,NFO:ANGELONE25APRFUT,2228.1,118.25
2025-04-01T11:15:00+0530,NSE:ANGELONE,2348.35,NFO:ANGELONE25APRFUT,2226.75,121.6
2025-04-01T11:16:00+0530,NSE:ANGELONE,2351.9,NFO:ANGELONE25APRFUT,2234.9,117.0
2025-04-01T11:17:00+0530,NSE:ANGELONE,2351.8,NFO:ANGELONE25APRFUT,2233.85,117.95
2025-04-01T11:18:00+0530,NSE:ANGELONE,2351.45,NFO:ANGELONE25APRFUT,2233.85,117.6
2025-04-01T11:19:00+0530,NSE:ANGELONE,2349.5,NFO:ANGELONE25APRFUT,2231.5,118.0
2025-04-01T11:20:00+0530,NSE:ANGELONE,2348.7,NFO:ANGELONE25APRFUT,2231.5,117.2
2025-04-01T11:21:00+0530,NSE:ANGELONE,2350.95,NFO:ANGELONE25APRFUT,2237.3,113.65
2025-04-01T11:22:00+0530,NSE:ANGELONE,2350.55,NFO:ANGELONE25APRFUT,2236.4,114.15
2025-04-01T11:23:00+0530,NSE:ANGELONE,2350.6,NFO:ANGELONE25APRFUT,2236.3,114.3
2025-04-01T11:24:00+0530,NSE:ANGELONE,2349.15,NFO:ANGELONE25APRFUT,2238,111.15
2025-04-01T11:25:00+0530,NSE:ANGELONE,2345,NFO:ANGELONE25APRFUT,2232.45,112.55
2025-04-01T11:26:00+0530,NSE:ANGELONE,2345.7,NFO:ANGELONE25APRFUT,2231.15,114.55
2025-04-01T11:27:00+0530,NSE:ANGELONE,2346.8,NFO:ANGELONE25APRFUT,2233.2,113.6
2025-04-01T11:28:00+0530,NSE:ANGELONE,2347.6,NFO:ANGELONE25APRFUT,2236.75,110.85
2025-04-01T11:29:00+0530,NSE:ANGELONE,2346,NFO:ANGELONE25APRFUT,2236.75,109.25
2025-04-01T11:30:00+0530,NSE:ANGELONE,2345,NFO:ANGELONE25APRFUT,2235,110.0
2025-04-01T11:31:00+0530,NSE:ANGELONE,2344.5,NFO:ANGELONE25APRFUT,2233.05,111.45
2025-04-01T11:32:00+0530,NSE:ANGELONE,2345,NFO:ANGELONE25APRFUT,2232,113.0
2025-04-01T11:33:00+0530,NSE:ANGELONE,2345.9,NFO:ANGELONE25APRFUT,2232,113.9
2025-04-01T11:34:00+0530,NSE:ANGELONE,2345.55,NFO:ANGELONE25APRFUT,2233.85,111.7
2025-04-01T11:35:00+0530,NSE:ANGELONE,2344.5,NFO:ANGELONE25APRFUT,2230.1,114.4
2025-04-01T11:36:00+0530,NSE:ANGELONE,2341.75,NFO:ANGELONE25APRFUT,2227,114.75
2025-04-01T11:37:00+0530,NSE:ANGELONE,2344.7,NFO:ANGELONE25APRFUT,2230.9,113.8
2025-04-01T11:38:00+0530,NSE:ANGELONE,2344.5,NFO:ANGELONE25APRFUT,2231.8,112.7
2025-04-01T11:39:00+0530,NSE:ANGELONE,2344.95,NFO:ANGELONE25APRFUT,2231.8,113.15
2025-04-01T11:40:00+0530,NSE:ANGELONE,2343.05,NFO:ANGELONE25APRFUT,2231.8,111.25
2025-04-01T11:41:00+0530,NSE:ANGELONE,2343.2,NFO:ANGELONE25APRFUT,2228.6,114.6
2025-04-01T11:42:00+0530,NSE:ANGELONE,2342,NFO:ANGELONE25APRFUT,2228.6,113.4
2025-04-01T11:43:00+0530,NSE:ANGELONE,2339.45,NFO:ANGELONE25APRFUT,2225.75,113.7
2025-04-01T11:44:00+0530,NSE:ANGELONE,2339.85,NFO:ANGELONE25APRFUT,2226.25,113.6
2025-04-01T11:45:00+0530,NSE:ANGELONE,2339.45,NFO:ANGELONE25APRFUT,2225.1,114.35
2025-04-01T11:46:00+0530,NSE:ANGELONE,2339.25,NFO:ANGELONE25APRFUT,2230.25,109.0
2025-04-01T11:47:00+0530,NSE:ANGELONE,2342.35,NFO:ANGELONE25APRFUT,2229.6,112.75
2025-04-01T11:48:00+0530,NSE:ANGELONE,2343.1,NFO:ANGELONE25APRFUT,2234.6,108.5
2025-04-01T11:49:00+0530,NSE:ANGELONE,2344.35,NFO:ANGELONE25APRFUT,2234.6,109.75
2025-04-01T11:50:00+0530,NSE:ANGELONE,2345.95,NFO:ANGELONE25APRFUT,2233.75,112.2
2025-04-01T11:51:00+0530,NSE:ANGELONE,2346.9,NFO:ANGELONE25APRFUT,2234.25,112.65
2025-04-01T11:52:00+0530,NSE:ANGELONE,2346.2,NFO:ANGELONE25APRFUT,2234.25,111.95
2025-04-01T11:53:00+0530,NSE:ANGELONE,2346.5,NFO:ANGELONE25APRFUT,2233,113.5
2025-04-01T11:54:00+0530,NSE:ANGELONE,2346.5,NFO:ANGELONE25APRFUT,2233,113.5
2025-04-01T11:55:00+0530,NSE:ANGELONE,2351.85,NFO:ANGELONE25APRFUT,2236.4,115.45
2025-04-01T11:56:00+0530,NSE:ANGELONE,2349.5,NFO:ANGELONE25APRFUT,2236.3,113.2
2025-04-01T11:57:00+0530,NSE:ANGELONE,2349.8,NFO:ANGELONE25APRFUT,2237,112.8
2025-04-01T11:58:00+0530,NSE:ANGELONE,2350.9,NFO:ANGELONE25APRFUT,2237.7,113.2
2025-04-01T11:59:00+0530,NSE:ANGELONE,2351.55,NFO:ANGELONE25APRFUT,2240,111.55
2025-04-01T12:00:00+0530,NSE:ANGELONE,2352.85,NFO:ANGELONE25APRFUT,2239.05,113.8
2025-04-01T12:01:00+0530,NSE:ANGELONE,2352.05,NFO:ANGELONE25APRFUT,2240.65,111.4
2025-04-01T12:02:00+0530,NSE:ANGELONE,2352.5,NFO:ANGELONE25APRFUT,2240.3,112.2
2025-04-01T12:03:00+0530,NSE:ANGELONE,2349.85,NFO:ANGELONE25APRFUT,2238.8,111.05
2025-04-01T12:04:00+0530,NSE:ANGELONE,2350.95,NFO:ANGELONE25APRFUT,2241.85,109.1
2025-04-01T12:05:00+0530,NSE:ANGELONE,2349.05,NFO:ANGELONE25APRFUT,2239.8,109.25
2025-04-01T12:06:00+0530,NSE:ANGELONE,2349.55,NFO:ANGELONE25APRFUT,2240.85,108.7
2025-04-01T12:07:00+0530,NSE:ANGELONE,2349.4,NFO:ANGELONE25APRFUT,2240.2,109.2
2025-04-01T12:08:00+0530,NSE:ANGELONE,2349.5,NFO:ANGELONE25APRFUT,2241.2,108.3
2025-04-01T12:09:00+0530,NSE:ANGELONE,2350.35,NFO:ANGELONE25APRFUT,2246.05,104.3
2025-04-01T12:10:00+0530,NSE:ANGELONE,2351.3,NFO:ANGELONE25APRFUT,2246.05,105.25
2025-04-01T12:11:00+0530,NSE:ANGELONE,2353.75,NFO:ANGELONE25APRFUT,2248.15,105.6
2025-04-01T12:12:00+0530,NSE:ANGELONE,2352.7,NFO:ANGELONE25APRFUT,2245.7,107.0
2025-04-01T12:13:00+0530,NSE:ANGELONE,2355.4,NFO:ANGELONE25APRFUT,2251.5,103.9
2025-04-01T12:14:00+0530,NSE:ANGELONE,2355.85,NFO:ANGELONE25APRFUT,2251.85,104.0
2025-04-01T12:15:00+0530,NSE:ANGELONE,2361.1,NFO:ANGELONE25APRFUT,2257.3,103.8
2025-04-01T12:16:00+0530,NSE:ANGELONE,2360.05,NFO:ANGELONE25APRFUT,2255.2,104.85
2025-04-01T12:17:00+0530,NSE:ANGELONE,2358.55,NFO:ANGELONE25APRFUT,2253.25,105.3
2025-04-01T12:18:00+0530,NSE:ANGELONE,2360.6,NFO:ANGELONE25APRFUT,2258.6,102.0
2025-04-01T12:19:00+0530,NSE:ANGELONE,2361.8,NFO:ANGELONE25APRFUT,2257.25,104.55
2025-04-01T12:20:00+0530,NSE:ANGELONE,2362,NFO:ANGELONE25APRFUT,2257.65,104.35
2025-04-01T12:21:00+0530,NSE:ANGELONE,2358,NFO:ANGELONE25APRFUT,2254.55,103.45
2025-04-01T12:22:00+0530,NSE:ANGELONE,2357.55,NFO:ANGELONE25APRFUT,2255.35,102.2
2025-04-01T12:23:00+0530,NSE:ANGELONE,2357.3,NFO:ANGELONE25APRFUT,2255.45,101.85
2025-04-01T12:24:00+0530,NSE:ANGELONE,2356.1,NFO:ANGELONE25APRFUT,2254.6,101.5
2025-04-01T12:25:00+0530,NSE:ANGELONE,2357.15,NFO:ANGELONE25APRFUT,2253.65,103.5
2025-04-01T12:26:00+0530,NSE:ANGELONE,2356.5,NFO:ANGELONE25APRFUT,2254.95,101.55
2025-04-01T12:27:00+0530,NSE:ANGELONE,2357.15,NFO:ANGELONE25APRFUT,2258.6,98.55
2025-04-01T12:28:00+0530,NSE:ANGELONE,2356.05,NFO:ANGELONE25APRFUT,2255.7,100.35
2025-04-01T12:29:00+0530,NSE:ANGELONE,2353.35,NFO:ANGELONE25APRFUT,2252,101.35
2025-04-01T12:30:00+0530,NSE:ANGELONE,2357.35,NFO:ANGELONE25APRFUT,2257.1,100.25
2025-04-01T12:31:00+0530,NSE:ANGELONE,2359.55,NFO:ANGELONE25APRFUT,2257.45,102.1
2025-04-01T12:32:00+0530,NSE:ANGELONE,2359.6,NFO:ANGELONE25APRFUT,2257.45,102.15
2025-04-01T12:33:00+0530,NSE:ANGELONE,2359.8,NFO:ANGELONE25APRFUT,2258.1,101.7
2025-04-01T12:34:00+0530,NSE:ANGELONE,2359.65,NFO:ANGELONE25APRFUT,2259,100.65
2025-04-01T12:35:00+0530,NSE:ANGELONE,2359.6,NFO:ANGELONE25APRFUT,2260,99.6
2025-04-01T12:36:00+0530,NSE:ANGELONE,2360,NFO:ANGELONE25APRFUT,2259.4,100.6
2025-04-01T12:37:00+0530,NSE:ANGELONE,2359.1,NFO:ANGELONE25APRFUT,2259,100.1
2025-04-01T12:38:00+0530,NSE:ANGELONE,2359,NFO:ANGELONE25APRFUT,2260.6,98.4
2025-04-01T12:39:00+0530,NSE:ANGELONE,2360.5,NFO:ANGELONE25APRFUT,2260,100.5
2025-04-01T12:40:00+0530,NSE:ANGELONE,2364.45,NFO:ANGELONE25APRFUT,2263.35,101.1
2025-04-01T12:41:00+0530,NSE:ANGELONE,2366,NFO:ANGELONE25APRFUT,2264,102.0
2025-04-01T12:42:00+0530,NSE:ANGELONE,2364.95,NFO:ANGELONE25APRFUT,2264,100.95
2025-04-01T12:43:00+0530,NSE:ANGELONE,2364,NFO:ANGELONE25APRFUT,2262.65,101.35
2025-04-01T12:44:00+0530,NSE:ANGELONE,2365.6,NFO:ANGELONE25APRFUT,2265.15,100.45
2025-04-01T12:45:00+0530,NSE:ANGELONE,2366.5,NFO:ANGELONE25APRFUT,2265.45,101.05
2025-04-01T12:46:00+0530,NSE:ANGELONE,2367.9,NFO:ANGELONE25APRFUT,2266.3,101.6
2025-04-01T12:47:00+0530,NSE:ANGELONE,2363.75,NFO:ANGELONE25APRFUT,2262.4,101.35
2025-04-01T12:48:00+0530,NSE:ANGELONE,2363.4,NFO:ANGELONE25APRFUT,2264,99.4
2025-04-01T12:49:00+0530,NSE:ANGELONE,2363.5,NFO:ANGELONE25APRFUT,2262.6,100.9
2025-04-01T12:50:00+0530,NSE:ANGELONE,2363.3,NFO:ANGELONE25APRFUT,2262.8,100.5
2025-04-01T12:51:00+0530,NSE:ANGELONE,2362,NFO:ANGELONE25APRFUT,2263.1,98.9
2025-04-01T12:52:00+0530,NSE:ANGELONE,2362.3,NFO:ANGELONE25APRFUT,2262.15,100.15
2025-04-01T12:53:00+0530,NSE:ANGELONE,2361.95,NFO:ANGELONE25APRFUT,2263.95,98.0
2025-04-01T12:54:00+0530,NSE:ANGELONE,2363.6,NFO:ANGELONE25APRFUT,2263.55,100.05
2025-04-01T12:55:00+0530,NSE:ANGELONE,2360.75,NFO:ANGELONE25APRFUT,2259,101.75
2025-04-01T12:56:00+0530,NSE:ANGELONE,2360.85,NFO:ANGELONE25APRFUT,2262.45,98.4
2025-04-01T12:57:00+0530,NSE:ANGELONE,2358,NFO:ANGELONE25APRFUT,2262.65,95.35
2025-04-01T12:58:00+0530,NSE:ANGELONE,2357.6,NFO:ANGELONE25APRFUT,2258.25,99.35
2025-04-01T12:59:00+0530,NSE:ANGELONE,2355.3,NFO:ANGELONE25APRFUT,2257.35,97.95
2025-04-01T13:00:00+0530,NSE:ANGELONE,2351.9,NFO:ANGELONE25APRFUT,2254.9,97.0
2025-04-01T13:01:00+0530,NSE:ANGELONE,2352.2,NFO:ANGELONE25APRFUT,2255.4,96.8
2025-04-01T13:02:00+0530,NSE:ANGELONE,2352.3,NFO:ANGELONE25APRFUT,2256.95,95.35
2025-04-01T13:03:00+0530,NSE:ANGELONE,2353,NFO:ANGELONE25APRFUT,2256.95,96.05
2025-04-01T13:04:00+0530,NSE:ANGELONE,2352.05,NFO:ANGELONE25APRFUT,2257.15,94.9
2025-04-01T13:05:00+0530,NSE:ANGELONE,2356.25,NFO:ANGELONE25APRFUT,2259.8,96.45
2025-04-01T13:06:00+0530,NSE:ANGELONE,2354.8,NFO:ANGELONE25APRFUT,2259,95.8
2025-04-01T13:07:00+0530,NSE:ANGELONE,2355.75,NFO:ANGELONE25APRFUT,2260.75,95.0
2025-04-01T13:08:00+0530,NSE:ANGELONE,2355.35,NFO:ANGELONE25APRFUT,2261.35,94.0
2025-04-01T13:09:00+0530,NSE:ANGELONE,2356.6,NFO:ANGELONE25APRFUT,2260.55,96.05
2025-04-01T13:10:00+0530,NSE:ANGELONE,2357,NFO:ANGELONE25APRFUT,2261,96.0
2025-04-01T13:11:00+0530,NSE:ANGELONE,2358.95,NFO:ANGELONE25APRFUT,2263.1,95.85
2025-04-01T13:12:00+0530,NSE:ANGELONE,2361,NFO:ANGELONE25APRFUT,2267,94.0
2025-04-01T13:13:00+0530,NSE:ANGELONE,2359.2,NFO:ANGELONE25APRFUT,2264.65,94.55
2025-04-01T13:14:00+0530,NSE:ANGELONE,2360.4,NFO:ANGELONE25APRFUT,2265,95.4
2025-04-01T13:15:00+0530,NSE:ANGELONE,2359.3,NFO:ANGELONE25APRFUT,2265.7,93.6
2025-04-01T13:16:00+0530,NSE:ANGELONE,2358.55,NFO:ANGELONE25APRFUT,2264.65,93.9
2025-04-01T13:17:00+0530,NSE:ANGELONE,2355.95,NFO:ANGELONE25APRFUT,2260.6,95.35
2025-04-01T13:18:00+0530,NSE:ANGELONE,2354.05,NFO:ANGELONE25APRFUT,2259.1,94.95
2025-04-01T13:19:00+0530,NSE:ANGELONE,2353.4,NFO:ANGELONE25APRFUT,2259.1,94.3
2025-04-01T13:20:00+0530,NSE:ANGELONE,2354.8,NFO:ANGELONE25APRFUT,2260.75,94.05
2025-04-01T13:21:00+0530,NSE:ANGELONE,2355,NFO:ANGELONE25APRFUT,2258.2,96.8
2025-04-01T13:22:00+0530,NSE:ANGELONE,2352.85,NFO:ANGELONE25APRFUT,2257.95,94.9
2025-04-01T13:23:00+0530,NSE:ANGELONE,2354.5,NFO:ANGELONE25APRFUT,2257.8,96.7
2025-04-01T13:24:00+0530,NSE:ANGELONE,2353.35,NFO:ANGELONE25APRFUT,2256.25,97.1
2025-04-01T13:25:00+0530,NSE:ANGELONE,2350.9,NFO:ANGELONE25APRFUT,2253.3,97.6
2025-04-01T13:26:00+0530,NSE:ANGELONE,2357,NFO:ANGELONE25APRFUT,2257.05,99.95
2025-04-01T13:27:00+0530,NSE:ANGELONE,2355,NFO:ANGELONE25APRFUT,2256.3,98.7
2025-04-01T13:28:00+0530,NSE:ANGELONE,2354.45,NFO:ANGELONE25APRFUT,2254,100.45
2025-04-01T13:29:00+0530,NSE:ANGELONE,2355.1,NFO:ANGELONE25APRFUT,2255.7,99.4
2025-04-01T13:30:00+0530,NSE:ANGELONE,2355,NFO:ANGELONE25APRFUT,2252.05,102.95
2025-04-01T13:31:00+0530,NSE:ANGELONE,2360,NFO:ANGELONE25APRFUT,2255.55,104.45
2025-04-01T13:32:00+0530,NSE:ANGELONE,2364.3,NFO:ANGELONE25APRFUT,2259.2,105.1
2025-04-01T13:33:00+0530,NSE:ANGELONE,2363.45,NFO:ANGELONE25APRFUT,2258.85,104.6
2025-04-01T13:34:00+0530,NSE:ANGELONE,2360.5,NFO:ANGELONE25APRFUT,2258.1,102.4
2025-04-01T13:35:00+0530,NSE:ANGELONE,2361.75,NFO:ANGELONE25APRFUT,2257.55,104.2
2025-04-01T13:36:00+0530,NSE:ANGELONE,2361.9,NFO:ANGELONE25APRFUT,2260,101.9
2025-04-01T13:37:00+0530,NSE:ANGELONE,2361.9,NFO:ANGELONE25APRFUT,2260.45,101.45
2025-04-01T13:38:00+0530,NSE:ANGELONE,2361.1,NFO:ANGELONE25APRFUT,2258.35,102.75
2025-04-01T13:39:00+0530,NSE:ANGELONE,2361.25,NFO:ANGELONE25APRFUT,2259.85,101.4
2025-04-01T13:40:00+0530,NSE:ANGELONE,2359.45,NFO:ANGELONE25APRFUT,2259.45,100.0
2025-04-01T13:41:00+0530,NSE:ANGELONE,2360.65,NFO:ANGELONE25APRFUT,2260.6,100.05
2025-04-01T13:42:00+0530,NSE:ANGELONE,2360.5,NFO:ANGELONE25APRFUT,2260.6,99.9
2025-04-01T13:43:00+0530,NSE:ANGELONE,2362.2,NFO:ANGELONE25APRFUT,2261.7,100.5
2025-04-01T13:44:00+0530,NSE:ANGELONE,2361.4,NFO:ANGELONE25APRFUT,2261.7,99.7
2025-04-01T13:45:00+0530,NSE:ANGELONE,2362.2,NFO:ANGELONE25APRFUT,2263.7,98.5
2025-04-01T13:46:00+0530,NSE:ANGELONE,2361.15,NFO:ANGELONE25APRFUT,2261.8,99.35
2025-04-01T13:47:00+0530,NSE:ANGELONE,2361.3,NFO:ANGELONE25APRFUT,2260.75,100.55
2025-04-01T13:48:00+0530,NSE:ANGELONE,2360.55,NFO:ANGELONE25APRFUT,2263.65,96.9
2025-04-01T13:49:00+0530,NSE:ANGELONE,2362,NFO:ANGELONE25APRFUT,2262.6,99.4
2025-04-01T13:50:00+0530,NSE:ANGELONE,2362.85,NFO:ANGELONE25APRFUT,2265,97.85
2025-04-01T09:15:00+0530,NSE:IREDA,159.23,NFO:IREDA25APRFUT,150.7,8.53
2025-04-01T09:16:00+0530,NSE:IREDA,159.75,NFO:IREDA25APRFUT,152.03,7.72
2025-04-01T09:17:00+0530,NSE:IREDA,160.23,NFO:IREDA25APRFUT,152.3,7.93
2025-04-01T09:18:00+0530,NSE:IREDA,160.58,NFO:IREDA25APRFUT,151.81,8.77
2025-04-01T09:19:00+0530,NSE:IREDA,160.29,NFO:IREDA25APRFUT,151.85,8.44
2025-04-01T09:20:00+0530,NSE:IREDA,160.99,NFO:IREDA25APRFUT,152.17,8.82
2025-04-01T09:21:00+0530,NSE:IREDA,161.49,NFO:IREDA25APRFUT,152.54,8.95
2025-04-01T09:22:00+0530,NSE:IREDA,161.32,NFO:IREDA25APRFUT,152.67,8.65
2025-04-01T09:23:00+0530,NSE:IREDA,160.3,NFO:IREDA25APRFUT,151.8,8.5
2025-04-01T09:24:00+0530,NSE:IREDA,159.5,NFO:IREDA25APRFUT,150.72,8.78
2025-04-01T09:25:00+0530,NSE:IREDA,159.66,NFO:IREDA25APRFUT,150.75,8.91
2025-04-01T09:26:00+0530,NSE:IREDA,159.83,NFO:IREDA25APRFUT,150.84,8.99
2025-04-01T09:27:00+0530,NSE:IREDA,159.51,NFO:IREDA25APRFUT,150.5,9.01
2025-04-01T09:28:00+0530,NSE:IREDA,159.98,NFO:IREDA25APRFUT,151.33,8.65
2025-04-01T09:29:00+0530,NSE:IREDA,160.09,NFO:IREDA25APRFUT,151.2,8.89
2025-04-01T09:30:00+0530,NSE:IREDA,160.5,NFO:IREDA25APRFUT,151.66,8.84
2025-04-01T09:31:00+0530,NSE:IREDA,160.8,NFO:IREDA25APRFUT,152.35,8.45
2025-04-01T09:32:00+0530,NSE:IREDA,161.3,NFO:IREDA25APRFUT,153.03,8.27
2025-04-01T09:33:00+0530,NSE:IREDA,160.93,NFO:IREDA25APRFUT,152.72,8.21
2025-04-01T09:34:00+0530,NSE:IREDA,161.39,NFO:IREDA25APRFUT,153,8.39
2025-04-01T09:35:00+0530,NSE:IREDA,161.22,NFO:IREDA25APRFUT,152.8,8.42
2025-04-01T09:36:00+0530,NSE:IREDA,161.5,NFO:IREDA25APRFUT,153.1,8.4
2025-04-01T09:37:00+0530,NSE:IREDA,161.24,NFO:IREDA25APRFUT,152.86,8.38
2025-04-01T09:38:00+0530,NSE:IREDA,161.56,NFO:IREDA25APRFUT,153.2,8.36
2025-04-01T09:39:00+0530,NSE:IREDA,161.2,NFO:IREDA25APRFUT,152.34,8.86
2025-04-01T09:40:00+0530,NSE:IREDA,161.67,NFO:IREDA25APRFUT,153.03,8.64
2025-04-01T09:41:00+0530,NSE:IREDA,161.9,NFO:IREDA25APRFUT,153.28,8.62
2025-04-01T09:42:00+0530,NSE:IREDA,161.7,NFO:IREDA25APRFUT,152.85,8.85
2025-04-01T09:43:00+0530,NSE:IREDA,161.98,NFO:IREDA25APRFUT,153.3,8.68
2025-04-01T09:44:00+0530,NSE:IREDA,161.8,NFO:IREDA25APRFUT,153.06,8.74
2025-04-01T09:45:00+0530,NSE:IREDA,161.72,NFO:IREDA25APRFUT,153,8.72
2025-04-01T09:46:00+0530,NSE:IREDA,162.1,NFO:IREDA25APRFUT,153.36,8.74
2025-04-01T09:47:00+0530,NSE:IREDA,162.25,NFO:IREDA25APRFUT,153.53,8.72
2025-04-01T09:48:00+0530,NSE:IREDA,161.97,NFO:IREDA25APRFUT,153.13,8.84
2025-04-01T09:49:00+0530,NSE:IREDA,162.14,NFO:IREDA25APRFUT,153.1,9.04
2025-04-01T09:50:00+0530,NSE:IREDA,161.91,NFO:IREDA25APRFUT,153.08,8.83
2025-04-01T09:51:00+0530,NSE:IREDA,161.62,NFO:IREDA25APRFUT,152.75,8.87
2025-04-01T09:52:00+0530,NSE:IREDA,161.71,NFO:IREDA25APRFUT,152.85,8.86
2025-04-01T09:53:00+0530,NSE:IREDA,161.7,NFO:IREDA25APRFUT,152.96,8.74
2025-04-01T09:54:00+0530,NSE:IREDA,161.4,NFO:IREDA25APRFUT,152.72,8.68
2025-04-01T09:55:00+0530,NSE:IREDA,161,NFO:IREDA25APRFUT,152.2,8.8
2025-04-01T09:56:00+0530,NSE:IREDA,161.1,NFO:IREDA25APRFUT,152.73,8.37
2025-04-01T09:57:00+0530,NSE:IREDA,160.66,NFO:IREDA25APRFUT,152.26,8.4
2025-04-01T09:58:00+0530,NSE:IREDA,160.85,NFO:IREDA25APRFUT,152.25,8.6
2025-04-01T09:59:00+0530,NSE:IREDA,161.14,NFO:IREDA25APRFUT,152.39,8.75
2025-04-01T10:00:00+0530,NSE:IREDA,160.99,NFO:IREDA25APRFUT,152.37,8.62
2025-04-01T10:01:00+0530,NSE:IREDA,160.4,NFO:IREDA25APRFUT,151.84,8.56
2025-04-01T10:02:00+0530,NSE:IREDA,160.19,NFO:IREDA25APRFUT,151.31,8.88
2025-04-01T10:03:00+0530,NSE:IREDA,160.65,NFO:IREDA25APRFUT,151.6,9.05
2025-04-01T10:04:00+0530,NSE:IREDA,160.89,NFO:IREDA25APRFUT,151.81,9.08
2025-04-01T10:05:00+0530,NSE:IREDA,160.73,NFO:IREDA25APRFUT,151.9,8.83
2025-04-01T10:06:00+0530,NSE:IREDA,160.76,NFO:IREDA25APRFUT,151.75,9.01
2025-04-01T10:07:00+0530,NSE:IREDA,160.3,NFO:IREDA25APRFUT,151.3,9.0
2025-04-01T10:08:00+0530,NSE:IREDA,160.63,NFO:IREDA25APRFUT,151.6,9.03
2025-04-01T10:09:00+0530,NSE:IREDA,159.92,NFO:IREDA25APRFUT,150.82,9.1
2025-04-01T10:10:00+0530,NSE:IREDA,159.75,NFO:IREDA25APRFUT,150.42,9.33
2025-04-01T10:11:00+0530,NSE:IREDA,159.9,NFO:IREDA25APRFUT,150.26,9.64
2025-04-01T10:12:00+0530,NSE:IREDA,159.75,NFO:IREDA25APRFUT,150.23,9.52
2025-04-01T10:13:00+0530,NSE:IREDA,159.39,NFO:IREDA25APRFUT,149.65,9.74
2025-04-01T10:14:00+0530,NSE:IREDA,159.58,NFO:IREDA25APRFUT,149.8,9.78
2025-04-01T10:15:00+0530,NSE:IREDA,159.66,NFO:IREDA25APRFUT,150.02,9.64
2025-04-01T10:16:00+0530,NSE:IREDA,159.81,NFO:IREDA25APRFUT,150.07,9.74
2025-04-01T10:17:00+0530,NSE:IREDA,160.15,NFO:IREDA25APRFUT,150.43,9.72
2025-04-01T10:18:00+0530,NSE:IREDA,160,NFO:IREDA25APRFUT,150.25,9.75
2025-04-01T10:19:00+0530,NSE:IREDA,160.04,NFO:IREDA25APRFUT,150.41,9.63
2025-04-01T10:20:00+0530,NSE:IREDA,160.2,NFO:IREDA25APRFUT,150.58,9.62
2025-04-01T10:21:00+0530,NSE:IREDA,159.85,NFO:IREDA25APRFUT,150.45,9.4
2025-04-01T10:22:00+0530,NSE:IREDA,160,NFO:IREDA25APRFUT,150.3,9.7
2025-04-01T10:23:00+0530,NSE:IREDA,159.57,NFO:IREDA25APRFUT,149.95,9.62
2025-04-01T10:24:00+0530,NSE:IREDA,159.31,NFO:IREDA25APRFUT,149.81,9.5
2025-04-01T10:25:00+0530,NSE:IREDA,159.6,NFO:IREDA25APRFUT,150.11,9.49
2025-04-01T10:26:00+0530,NSE:IREDA,159.58,NFO:IREDA25APRFUT,150.04,9.54
2025-04-01T10:27:00+0530,NSE:IREDA,159.38,NFO:IREDA25APRFUT,149.95,9.43
2025-04-01T10:28:00+0530,NSE:IREDA,159.56,NFO:IREDA25APRFUT,150.2,9.36
2025-04-01T10:29:00+0530,NSE:IREDA,159.36,NFO:IREDA25APRFUT,150.16,9.2
2025-04-01T10:30:00+0530,NSE:IREDA,159.5,NFO:IREDA25APRFUT,150.14,9.36
2025-04-01T10:31:00+0530,NSE:IREDA,159.33,NFO:IREDA25APRFUT,150.03,9.3
2025-04-01T10:32:00+0530,NSE:IREDA,159.41,NFO:IREDA25APRFUT,150.09,9.32
2025-04-01T10:33:00+0530,NSE:IREDA,159.39,NFO:IREDA25APRFUT,150.09,9.3
2025-04-01T10:34:00+0530,NSE:IREDA,159.46,NFO:IREDA25APRFUT,150.14,9.32
2025-04-01T10:35:00+0530,NSE:IREDA,159.57,NFO:IREDA25APRFUT,150.12,9.45
2025-04-01T10:36:00+0530,NSE:IREDA,159.6,NFO:IREDA25APRFUT,150.27,9.33
2025-04-01T10:37:00+0530,NSE:IREDA,159.59,NFO:IREDA25APRFUT,150.34,9.25
2025-04-01T10:38:00+0530,NSE:IREDA,159.6,NFO:IREDA25APRFUT,150.13,9.47
2025-04-01T10:39:00+0530,NSE:IREDA,159.81,NFO:IREDA25APRFUT,150.47,9.34
2025-04-01T10:40:00+0530,NSE:IREDA,159.9,NFO:IREDA25APRFUT,150.64,9.26
2025-04-01T10:41:00+0530,NSE:IREDA,160,NFO:IREDA25APRFUT,150.52,9.48
2025-04-01T10:42:00+0530,NSE:IREDA,160.37,NFO:IREDA25APRFUT,150.95,9.42
2025-04-01T10:43:00+0530,NSE:IREDA,160.32,NFO:IREDA25APRFUT,150.91,9.41
2025-04-01T10:44:00+0530,NSE:IREDA,160.35,NFO:IREDA25APRFUT,151,9.35
2025-04-01T10:45:00+0530,NSE:IREDA,160.1,NFO:IREDA25APRFUT,150.8,9.3
2025-04-01T10:46:00+0530,NSE:IREDA,159.95,NFO:IREDA25APRFUT,150.5,9.45
2025-04-01T10:47:00+0530,NSE:IREDA,159.88,NFO:IREDA25APRFUT,150.5,9.38
2025-04-01T10:48:00+0530,NSE:IREDA,160,NFO:IREDA25APRFUT,150.84,9.16
2025-04-01T10:49:00+0530,NSE:IREDA,160.08,NFO:IREDA25APRFUT,150.88,9.2
2025-04-01T10:50:00+0530,NSE:IREDA,160.2,NFO:IREDA25APRFUT,151,9.2
2025-04-01T10:51:00+0530,NSE:IREDA,160.1,NFO:IREDA25APRFUT,151,9.1
2025-04-01T10:52:00+0530,NSE:IREDA,159.99,NFO:IREDA25APRFUT,150.87,9.12
2025-04-01T10:53:00+0530,NSE:IREDA,159.98,NFO:IREDA25APRFUT,151.05,8.93
2025-04-01T10:54:00+0530,NSE:IREDA,160,NFO:IREDA25APRFUT,151,9.0
2025-04-01T10:55:00+0530,NSE:IREDA,159.98,NFO:IREDA25APRFUT,151.06,8.92
2025-04-01T10:56:00+0530,NSE:IREDA,159.49,NFO:IREDA25APRFUT,150.6,8.89
2025-04-01T10:57:00+0530,NSE:IREDA,159.59,NFO:IREDA25APRFUT,150.66,8.93
2025-04-01T10:58:00+0530,NSE:IREDA,159.58,NFO:IREDA25APRFUT,150.66,8.92
2025-04-01T10:59:00+0530,NSE:IREDA,159.37,NFO:IREDA25APRFUT,150.6,8.77
2025-04-01T11:00:00+0530,NSE:IREDA,159.33,NFO:IREDA25APRFUT,150.5,8.83
2025-04-01T11:01:00+0530,NSE:IREDA,159.34,NFO:IREDA25APRFUT,150.58,8.76
2025-04-01T11:02:00+0530,NSE:IREDA,159.61,NFO:IREDA25APRFUT,150.87,8.74
2025-04-01T11:03:00+0530,NSE:IREDA,159.43,NFO:IREDA25APRFUT,150.75,8.68
2025-04-01T11:04:00+0530,NSE:IREDA,159.29,NFO:IREDA25APRFUT,150.47,8.82
2025-04-01T11:05:00+0530,NSE:IREDA,159.25,NFO:IREDA25APRFUT,150.5,8.75
2025-04-01T11:06:00+0530,NSE:IREDA,159.25,NFO:IREDA25APRFUT,150.44,8.81
2025-04-01T11:07:00+0530,NSE:IREDA,159.4,NFO:IREDA25APRFUT,150.5,8.9
2025-04-01T11:08:00+0530,NSE:IREDA,159.35,NFO:IREDA25APRFUT,150.4,8.95
2025-04-01T11:09:00+0530,NSE:IREDA,159.3,NFO:IREDA25APRFUT,150.3,9.0
2025-04-01T11:10:00+0530,NSE:IREDA,159.12,NFO:IREDA25APRFUT,150.36,8.76
2025-04-01T11:11:00+0530,NSE:IREDA,159.36,NFO:IREDA25APRFUT,150.26,9.1
2025-04-01T11:12:00+0530,NSE:IREDA,159.4,NFO:IREDA25APRFUT,150.52,8.88
2025-04-01T11:13:00+0530,NSE:IREDA,159.51,NFO:IREDA25APRFUT,150.72,8.79
2025-04-01T11:14:00+0530,NSE:IREDA,159.5,NFO:IREDA25APRFUT,150.72,8.78
2025-04-01T11:15:00+0530,NSE:IREDA,159.45,NFO:IREDA25APRFUT,150.87,8.58
2025-04-01T11:16:00+0530,NSE:IREDA,159.72,NFO:IREDA25APRFUT,150.98,8.74
2025-04-01T11:17:00+0530,NSE:IREDA,159.84,NFO:IREDA25APRFUT,150.98,8.86
2025-04-01T11:18:00+0530,NSE:IREDA,159.9,NFO:IREDA25APRFUT,150.92,8.98
2025-04-01T11:19:00+0530,NSE:IREDA,159.63,NFO:IREDA25APRFUT,150.9,8.73
2025-04-01T11:20:00+0530,NSE:IREDA,159.68,NFO:IREDA25APRFUT,150.91,8.77
2025-04-01T11:21:00+0530,NSE:IREDA,159.74,NFO:IREDA25APRFUT,150.91,8.83
2025-04-01T11:22:00+0530,NSE:IREDA,159.67,NFO:IREDA25APRFUT,150.86,8.81
2025-04-01T11:23:00+0530,NSE:IREDA,159.75,NFO:IREDA25APRFUT,150.86,8.89
2025-04-01T11:24:00+0530,NSE:IREDA,159.75,NFO:IREDA25APRFUT,151.2,8.55
2025-04-01T11:25:00+0530,NSE:IREDA,159.34,NFO:IREDA25APRFUT,150.89,8.45
2025-04-01T11:26:00+0530,NSE:IREDA,159.4,NFO:IREDA25APRFUT,150.78,8.62
2025-04-01T11:27:00+0530,NSE:IREDA,159.46,NFO:IREDA25APRFUT,150.57,8.89
2025-04-01T11:28:00+0530,NSE:IREDA,159.68,NFO:IREDA25APRFUT,150.57,9.11
2025-04-01T11:29:00+0530,NSE:IREDA,159.58,NFO:IREDA25APRFUT,150.84,8.74
2025-04-01T11:30:00+0530,NSE:IREDA,159.36,NFO:IREDA25APRFUT,150.64,8.72
2025-04-01T11:31:00+0530,NSE:IREDA,159.27,NFO:IREDA25APRFUT,150.55,8.72
2025-04-01T11:32:00+0530,NSE:IREDA,159.27,NFO:IREDA25APRFUT,150.61,8.66
2025-04-01T11:33:00+0530,NSE:IREDA,159.34,NFO:IREDA25APRFUT,150.68,8.66
2025-04-01T11:34:00+0530,NSE:IREDA,159.2,NFO:IREDA25APRFUT,150.36,8.84
2025-04-01T11:35:00+0530,NSE:IREDA,159.14,NFO:IREDA25APRFUT,150.29,8.85
2025-04-01T11:36:00+0530,NSE:IREDA,158.76,NFO:IREDA25APRFUT,150.05,8.71
2025-04-01T11:37:00+0530,NSE:IREDA,158.94,NFO:IREDA25APRFUT,150.49,8.45
2025-04-01T11:38:00+0530,NSE:IREDA,158.86,NFO:IREDA25APRFUT,150.49,8.37
2025-04-01T11:39:00+0530,NSE:IREDA,158.9,NFO:IREDA25APRFUT,150.5,8.4
2025-04-01T11:40:00+0530,NSE:IREDA,159.08,NFO:IREDA25APRFUT,150.5,8.58
2025-04-01T11:41:00+0530,NSE:IREDA,158.95,NFO:IREDA25APRFUT,150.51,8.44
2025-04-01T11:42:00+0530,NSE:IREDA,159.1,NFO:IREDA25APRFUT,150.73,8.37
2025-04-01T11:43:00+0530,NSE:IREDA,158.87,NFO:IREDA25APRFUT,150.58,8.29
2025-04-01T11:44:00+0530,NSE:IREDA,159,NFO:IREDA25APRFUT,150.58,8.42
2025-04-01T11:45:00+0530,NSE:IREDA,158.88,NFO:IREDA25APRFUT,150.68,8.2
2025-04-01T11:46:00+0530,NSE:IREDA,159.22,NFO:IREDA25APRFUT,151.02,8.2
2025-04-01T11:47:00+0530,NSE:IREDA,159.16,NFO:IREDA25APRFUT,150.83,8.33
2025-04-01T11:48:00+0530,NSE:IREDA,159.4,NFO:IREDA25APRFUT,151.1,8.3
2025-04-01T11:49:00+0530,NSE:IREDA,159.44,NFO:IREDA25APRFUT,151.1,8.34
2025-04-01T11:50:00+0530,NSE:IREDA,159.45,NFO:IREDA25APRFUT,151.18,8.27
2025-04-01T11:51:00+0530,NSE:IREDA,159.36,NFO:IREDA25APRFUT,151.18,8.18
2025-04-01T11:52:00+0530,NSE:IREDA,159.3,NFO:IREDA25APRFUT,151.12,8.18
2025-04-01T11:53:00+0530,NSE:IREDA,159.38,NFO:IREDA25APRFUT,150.98,8.4
2025-04-01T11:54:00+0530,NSE:IREDA,159.16,NFO:IREDA25APRFUT,151,8.16
2025-04-01T11:55:00+0530,NSE:IREDA,159.3,NFO:IREDA25APRFUT,151,8.3
2025-04-01T11:56:00+0530,NSE:IREDA,159.16,NFO:IREDA25APRFUT,150.95,8.21
2025-04-01T11:57:00+0530,NSE:IREDA,159.1,NFO:IREDA25APRFUT,150.81,8.29
2025-04-01T11:58:00+0530,NSE:IREDA,159.05,NFO:IREDA25APRFUT,150.8,8.25
2025-04-01T11:59:00+0530,NSE:IREDA,159.14,NFO:IREDA25APRFUT,150.9,8.24
2025-04-01T12:00:00+0530,NSE:IREDA,159.03,NFO:IREDA25APRFUT,150.67,8.36
2025-04-01T12:01:00+0530,NSE:IREDA,159.01,NFO:IREDA25APRFUT,150.94,8.07
2025-04-01T12:02:00+0530,NSE:IREDA,159.05,NFO:IREDA25APRFUT,150.94,8.11
2025-04-01T12:03:00+0530,NSE:IREDA,158.98,NFO:IREDA25APRFUT,150.83,8.15
2025-04-01T12:04:00+0530,NSE:IREDA,159.01,NFO:IREDA25APRFUT,150.86,8.15
2025-04-01T12:05:00+0530,NSE:IREDA,159.06,NFO:IREDA25APRFUT,150.74,8.32
2025-04-01T12:06:00+0530,NSE:IREDA,159.22,NFO:IREDA25APRFUT,150.84,8.38
2025-04-01T12:07:00+0530,NSE:IREDA,159,NFO:IREDA25APRFUT,150.84,8.16
2025-04-01T12:08:00+0530,NSE:IREDA,159.03,NFO:IREDA25APRFUT,150.76,8.27
2025-04-01T12:09:00+0530,NSE:IREDA,159.29,NFO:IREDA25APRFUT,151.14,8.15
2025-04-01T12:10:00+0530,NSE:IREDA,159.5,NFO:IREDA25APRFUT,151.26,8.24
2025-04-01T12:11:00+0530,NSE:IREDA,159.79,NFO:IREDA25APRFUT,151.6,8.19
2025-04-01T12:12:00+0530,NSE:IREDA,159.68,NFO:IREDA25APRFUT,151.42,8.26
2025-04-01T12:13:00+0530,NSE:IREDA,159.74,NFO:IREDA25APRFUT,151.71,8.03
2025-04-01T12:14:00+0530,NSE:IREDA,159.88,NFO:IREDA25APRFUT,151.9,7.98
2025-04-01T12:15:00+0530,NSE:IREDA,160.26,NFO:IREDA25APRFUT,152.2,8.06
2025-04-01T12:16:00+0530,NSE:IREDA,160.17,NFO:IREDA25APRFUT,152.1,8.07
2025-04-01T12:17:00+0530,NSE:IREDA,160.19,NFO:IREDA25APRFUT,152.2,7.99
2025-04-01T12:18:00+0530,NSE:IREDA,160.23,NFO:IREDA25APRFUT,152.29,7.94
2025-04-01T12:19:00+0530,NSE:IREDA,160.39,NFO:IREDA25APRFUT,152.16,8.23
2025-04-01T12:20:00+0530,NSE:IREDA,160.25,NFO:IREDA25APRFUT,152.33,7.92
2025-04-01T12:21:00+0530,NSE:IREDA,159.95,NFO:IREDA25APRFUT,152.1,7.85
2025-04-01T12:22:00+0530,NSE:IREDA,160,NFO:IREDA25APRFUT,152.03,7.97
2025-04-01T12:23:00+0530,NSE:IREDA,159.95,NFO:IREDA25APRFUT,152.13,7.82
2025-04-01T12:24:00+0530,NSE:IREDA,159.79,NFO:IREDA25APRFUT,152.01,7.78
2025-04-01T12:25:00+0530,NSE:IREDA,159.8,NFO:IREDA25APRFUT,152.2,7.6
2025-04-01T12:26:00+0530,NSE:IREDA,159.95,NFO:IREDA25APRFUT,152.11,7.84
2025-04-01T12:27:00+0530,NSE:IREDA,160.16,NFO:IREDA25APRFUT,152.41,7.75
2025-04-01T12:28:00+0530,NSE:IREDA,160.2,NFO:IREDA25APRFUT,152.41,7.79
2025-04-01T12:29:00+0530,NSE:IREDA,160.01,NFO:IREDA25APRFUT,152.28,7.73
2025-04-01T12:30:00+0530,NSE:IREDA,160.2,NFO:IREDA25APRFUT,152.22,7.98
2025-04-01T12:31:00+0530,NSE:IREDA,160.4,NFO:IREDA25APRFUT,152.55,7.85
2025-04-01T12:32:00+0530,NSE:IREDA,160.67,NFO:IREDA25APRFUT,152.71,7.96
2025-04-01T12:33:00+0530,NSE:IREDA,160.45,NFO:IREDA25APRFUT,152.71,7.74
2025-04-01T12:34:00+0530,NSE:IREDA,160.48,NFO:IREDA25APRFUT,152.91,7.57
2025-04-01T12:35:00+0530,NSE:IREDA,160.51,NFO:IREDA25APRFUT,152.84,7.67
2025-04-01T12:36:00+0530,NSE:IREDA,160.37,NFO:IREDA25APRFUT,152.84,7.53
2025-04-01T12:37:00+0530,NSE:IREDA,160.31,NFO:IREDA25APRFUT,152.6,7.71
2025-04-01T12:38:00+0530,NSE:IREDA,160.25,NFO:IREDA25APRFUT,152.7,7.55
2025-04-01T12:39:00+0530,NSE:IREDA,160.35,NFO:IREDA25APRFUT,152.6,7.75
2025-04-01T12:40:00+0530,NSE:IREDA,160.4,NFO:IREDA25APRFUT,152.6,7.8
2025-04-01T12:41:00+0530,NSE:IREDA,160.47,NFO:IREDA25APRFUT,152.65,7.82
2025-04-01T12:42:00+0530,NSE:IREDA,160.7,NFO:IREDA25APRFUT,152.99,7.71
2025-04-01T12:43:00+0530,NSE:IREDA,160.64,NFO:IREDA25APRFUT,152.71,7.93
2025-04-01T12:44:00+0530,NSE:IREDA,160.6,NFO:IREDA25APRFUT,152.79,7.81
2025-04-01T12:45:00+0530,NSE:IREDA,160.65,NFO:IREDA25APRFUT,152.75,7.9
2025-04-01T12:46:00+0530,NSE:IREDA,160.53,NFO:IREDA25APRFUT,152.7,7.83
2025-04-01T12:47:00+0530,NSE:IREDA,160.43,NFO:IREDA25APRFUT,152.6,7.83
2025-04-01T12:48:00+0530,NSE:IREDA,160.6,NFO:IREDA25APRFUT,152.78,7.82
2025-04-01T12:49:00+0530,NSE:IREDA,160.84,NFO:IREDA25APRFUT,152.9,7.94
2025-04-01T12:50:00+0530,NSE:IREDA,160.9,NFO:IREDA25APRFUT,153.13,7.77
2025-04-01T12:51:00+0530,NSE:IREDA,160.95,NFO:IREDA25APRFUT,152.96,7.99
2025-04-01T12:52:00+0530,NSE:IREDA,160.99,NFO:IREDA25APRFUT,152.82,8.17
2025-04-01T12:53:00+0530,NSE:IREDA,160.75,NFO:IREDA25APRFUT,152.85,7.9
2025-04-01T12:54:00+0530,NSE:IREDA,160.77,NFO:IREDA25APRFUT,152.79,7.98
2025-04-01T12:55:00+0530,NSE:IREDA,160.59,NFO:IREDA25APRFUT,152.79,7.8
2025-04-01T12:56:00+0530,NSE:IREDA,160.59,NFO:IREDA25APRFUT,152.62,7.97
2025-04-01T12:57:00+0530,NSE:IREDA,160.66,NFO:IREDA25APRFUT,152.62,8.04
2025-04-01T12:58:00+0530,NSE:IREDA,160.7,NFO:IREDA25APRFUT,152.62,8.08
2025-04-01T12:59:00+0530,NSE:IREDA,160.65,NFO:IREDA25APRFUT,152.62,8.03
2025-04-01T13:00:00+0530,NSE:IREDA,160.64,NFO:IREDA25APRFUT,152.62,8.02
2025-04-01T13:01:00+0530,NSE:IREDA,160.56,NFO:IREDA25APRFUT,152.58,7.98
2025-04-01T13:02:00+0530,NSE:IREDA,160.59,NFO:IREDA25APRFUT,152.65,7.94
2025-04-01T13:03:00+0530,NSE:IREDA,160.52,NFO:IREDA25APRFUT,152.6,7.92
2025-04-01T13:04:00+0530,NSE:IREDA,160.45,NFO:IREDA25APRFUT,152.58,7.87
2025-04-01T13:05:00+0530,NSE:IREDA,160.59,NFO:IREDA25APRFUT,152.65,7.94
2025-04-01T13:06:00+0530,NSE:IREDA,160.87,NFO:IREDA25APRFUT,152.87,8.0
2025-04-01T13:07:00+0530,NSE:IREDA,160.7,NFO:IREDA25APRFUT,152.87,7.83
2025-04-01T13:08:00+0530,NSE:IREDA,160.65,NFO:IREDA25APRFUT,152.78,7.87
2025-04-01T13:09:00+0530,NSE:IREDA,160.73,NFO:IREDA25APRFUT,152.98,7.75
2025-04-01T13:10:00+0530,NSE:IREDA,160.8,NFO:IREDA25APRFUT,152.98,7.82
2025-04-01T13:11:00+0530,NSE:IREDA,160.92,NFO:IREDA25APRFUT,153.27,7.65
2025-04-01T13:12:00+0530,NSE:IREDA,160.87,NFO:IREDA25APRFUT,153.01,7.86
2025-04-01T13:13:00+0530,NSE:IREDA,160.75,NFO:IREDA25APRFUT,153,7.75
2025-04-01T13:14:00+0530,NSE:IREDA,160.85,NFO:IREDA25APRFUT,153.09,7.76
2025-04-01T13:15:00+0530,NSE:IREDA,160.89,NFO:IREDA25APRFUT,153.09,7.8
2025-04-01T13:16:00+0530,NSE:IREDA,160.79,NFO:IREDA25APRFUT,153.01,7.78
2025-04-01T13:17:00+0530,NSE:IREDA,160.65,NFO:IREDA25APRFUT,153.01,7.64
2025-04-01T13:18:00+0530,NSE:IREDA,160.32,NFO:IREDA25APRFUT,153.01,7.31
2025-04-01T13:19:00+0530,NSE:IREDA,160.42,NFO:IREDA25APRFUT,152.79,7.63
2025-04-01T13:20:00+0530,NSE:IREDA,160.6,NFO:IREDA25APRFUT,152.79,7.81
2025-04-01T13:21:00+0530,NSE:IREDA,160.57,NFO:IREDA25APRFUT,152.79,7.78
2025-04-01T13:22:00+0530,NSE:IREDA,160.31,NFO:IREDA25APRFUT,152.61,7.7
2025-04-01T13:23:00+0530,NSE:IREDA,160.3,NFO:IREDA25APRFUT,152.47,7.83
2025-04-01T13:24:00+0530,NSE:IREDA,160.25,NFO:IREDA25APRFUT,152.6,7.65
2025-04-01T13:25:00+0530,NSE:IREDA,160.1,NFO:IREDA25APRFUT,152.36,7.74
2025-04-01T13:26:00+0530,NSE:IREDA,160.27,NFO:IREDA25APRFUT,152.37,7.9
2025-04-01T13:27:00+0530,NSE:IREDA,160.26,NFO:IREDA25APRFUT,152.37,7.89
2025-04-01T13:28:00+0530,NSE:IREDA,160.28,NFO:IREDA25APRFUT,152.42,7.86
2025-04-01T13:29:00+0530,NSE:IREDA,160.5,NFO:IREDA25APRFUT,152.49,8.01
2025-04-01T13:30:00+0530,NSE:IREDA,160.33,NFO:IREDA25APRFUT,152.28,8.05
2025-04-01T13:31:00+0530,NSE:IREDA,160.3,NFO:IREDA25APRFUT,152.21,8.09
2025-04-01T13:32:00+0530,NSE:IREDA,160.4,NFO:IREDA25APRFUT,152.33,8.07
2025-04-01T13:33:00+0530,NSE:IREDA,160.44,NFO:IREDA25APRFUT,152.52,7.92
2025-04-01T13:34:00+0530,NSE:IREDA,160.64,NFO:IREDA25APRFUT,152.66,7.98
2025-04-01T13:35:00+0530,NSE:IREDA,160.75,NFO:IREDA25APRFUT,152.72,8.03
2025-04-01T13:36:00+0530,NSE:IREDA,160.77,NFO:IREDA25APRFUT,152.8,7.97
2025-04-01T13:37:00+0530,NSE:IREDA,160.82,NFO:IREDA25APRFUT,152.8,8.02
2025-04-01T13:38:00+0530,NSE:IREDA,160.69,NFO:IREDA25APRFUT,152.8,7.89
2025-04-01T13:39:00+0530,NSE:IREDA,160.8,NFO:IREDA25APRFUT,152.8,8.0
2025-04-01T13:40:00+0530,NSE:IREDA,160.87,NFO:IREDA25APRFUT,152.79,8.08
2025-04-01T13:41:00+0530,NSE:IREDA,160.79,NFO:IREDA25APRFUT,152.79,8.0
2025-04-01T13:42:00+0530,NSE:IREDA,161,NFO:IREDA25APRFUT,153,8.0
2025-04-01T13:43:00+0530,NSE:IREDA,160.98,NFO:IREDA25APRFUT,153.11,7.87
2025-04-01T13:44:00+0530,NSE:IREDA,160.98,NFO:IREDA25APRFUT,153.09,7.89
2025-04-01T13:45:00+0530,NSE:IREDA,161.07,NFO:IREDA25APRFUT,153.26,7.81
2025-04-01T13:46:00+0530,NSE:IREDA,160.76,NFO:IREDA25APRFUT,153.1,7.66
2025-04-01T13:47:00+0530,NSE:IREDA,160.75,NFO:IREDA25APRFUT,153.1,7.65
2025-04-01T13:48:00+0530,NSE:IREDA,160.83,NFO:IREDA25APRFUT,153.15,7.68
2025-04-01T13:49:00+0530,NSE:IREDA,160.85,NFO:IREDA25APRFUT,153.15,7.7
2025-04-01T13:50:00+0530,NSE:IREDA,160.95,NFO:IREDA25APRFUT,153.15,7.8
2025-04-01T09:15:00+0530,NSE:CAMS,3738.05,NFO:CAMS25APRFUT,3651,87.05
2025-04-01T09:16:00+0530,NSE:CAMS,3723.05,NFO:CAMS25APRFUT,3640,83.05
2025-04-01T09:17:00+0530,NSE:CAMS,3741.45,NFO:CAMS25APRFUT,3672,69.45
2025-04-01T09:18:00+0530,NSE:CAMS,3745.1,NFO:CAMS25APRFUT,3673.25,71.85
2025-04-01T09:19:00+0530,NSE:CAMS,3731.25,NFO:CAMS25APRFUT,3659.75,71.5
2025-04-01T09:20:00+0530,NSE:CAMS,3737.7,NFO:CAMS25APRFUT,3668.7,69.0
2025-04-01T09:21:00+0530,NSE:CAMS,3765.95,NFO:CAMS25APRFUT,3689,76.95
2025-04-01T09:22:00+0530,NSE:CAMS,3755,NFO:CAMS25APRFUT,3683.8,71.2
2025-04-01T09:23:00+0530,NSE:CAMS,3723.65,NFO:CAMS25APRFUT,3651.7,71.95
2025-04-01T09:24:00+0530,NSE:CAMS,3710.05,NFO:CAMS25APRFUT,3635.05,75.0
2025-04-01T09:25:00+0530,NSE:CAMS,3695.05,NFO:CAMS25APRFUT,3625,70.05
2025-04-01T09:26:00+0530,NSE:CAMS,3695.05,NFO:CAMS25APRFUT,3630.1,64.95
2025-04-01T09:27:00+0530,NSE:CAMS,3688.05,NFO:CAMS25APRFUT,3619.05,69.0
2025-04-01T09:28:00+0530,NSE:CAMS,3694.1,NFO:CAMS25APRFUT,3629.65,64.45
2025-04-01T09:29:00+0530,NSE:CAMS,3705.55,NFO:CAMS25APRFUT,3646.65,58.9
2025-04-01T09:30:00+0530,NSE:CAMS,3712.8,NFO:CAMS25APRFUT,3656.65,56.15
2025-04-01T09:31:00+0530,NSE:CAMS,3715.7,NFO:CAMS25APRFUT,3663,52.7
2025-04-01T09:32:00+0530,NSE:CAMS,3714.9,NFO:CAMS25APRFUT,3664.65,50.25
2025-04-01T09:33:00+0530,NSE:CAMS,3710.45,NFO:CAMS25APRFUT,3657.45,53.0
2025-04-01T09:34:00+0530,NSE:CAMS,3714.9,NFO:CAMS25APRFUT,3668,46.9
2025-04-01T09:35:00+0530,NSE:CAMS,3724.1,NFO:CAMS25APRFUT,3675,49.1
2025-04-01T09:36:00+0530,NSE:CAMS,3717.75,NFO:CAMS25APRFUT,3670.2,47.55
2025-04-01T09:37:00+0530,NSE:CAMS,3704.4,NFO:CAMS25APRFUT,3658.5,45.9
2025-04-01T09:38:00+0530,NSE:CAMS,3713.65,NFO:CAMS25APRFUT,3675,38.65
2025-04-01T09:39:00+0530,NSE:CAMS,3707.85,NFO:CAMS25APRFUT,3671.85,36.0
2025-04-01T09:40:00+0530,NSE:CAMS,3715.3,NFO:CAMS25APRFUT,3677,38.3
2025-04-01T09:41:00+0530,NSE:CAMS,3712.45,NFO:CAMS25APRFUT,3677,35.45
2025-04-01T09:42:00+0530,NSE:CAMS,3704.4,NFO:CAMS25APRFUT,3662.4,42.0
2025-04-01T09:43:00+0530,NSE:CAMS,3718.2,NFO:CAMS25APRFUT,3681.3,36.9
2025-04-01T09:44:00+0530,NSE:CAMS,3718.6,NFO:CAMS25APRFUT,3679.6,39.0
2025-04-01T09:45:00+0530,NSE:CAMS,3718.2,NFO:CAMS25APRFUT,3681.25,36.95
2025-04-01T09:46:00+0530,NSE:CAMS,3728.15,NFO:CAMS25APRFUT,3690.55,37.6
2025-04-01T09:47:00+0530,NSE:CAMS,3729.3,NFO:CAMS25APRFUT,3695.8,33.5
2025-04-01T09:48:00+0530,NSE:CAMS,3730.75,NFO:CAMS25APRFUT,3696,34.75
2025-04-01T09:49:00+0530,NSE:CAMS,3729,NFO:CAMS25APRFUT,3693.15,35.85
2025-04-01T09:50:00+0530,NSE:CAMS,3727.65,NFO:CAMS25APRFUT,3689.65,38.0
2025-04-01T09:51:00+0530,NSE:CAMS,3721,NFO:CAMS25APRFUT,3689.35,31.65
2025-04-01T09:52:00+0530,NSE:CAMS,3708,NFO:CAMS25APRFUT,3675,33.0
2025-04-01T09:53:00+0530,NSE:CAMS,3720,NFO:CAMS25APRFUT,3679.9,40.1
2025-04-01T09:54:00+0530,NSE:CAMS,3711.8,NFO:CAMS25APRFUT,3675.45,36.35
2025-04-01T09:55:00+0530,NSE:CAMS,3704.7,NFO:CAMS25APRFUT,3670.6,34.1
2025-04-01T09:56:00+0530,NSE:CAMS,3704.8,NFO:CAMS25APRFUT,3668.45,36.35
2025-04-01T09:57:00+0530,NSE:CAMS,3708.55,NFO:CAMS25APRFUT,3666.55,42.0
2025-04-01T09:58:00+0530,NSE:CAMS,3705,NFO:CAMS25APRFUT,3665.35,39.65
2025-04-01T09:59:00+0530,NSE:CAMS,3713.75,NFO:CAMS25APRFUT,3675,38.75
2025-04-01T10:00:00+0530,NSE:CAMS,3709.4,NFO:CAMS25APRFUT,3674.65,34.75
2025-04-01T10:01:00+0530,NSE:CAMS,3705.75,NFO:CAMS25APRFUT,3667.75,38.0
2025-04-01T10:02:00+0530,NSE:CAMS,3702.3,NFO:CAMS25APRFUT,3659.45,42.85
2025-04-01T10:03:00+0530,NSE:CAMS,3708.8,NFO:CAMS25APRFUT,3661,47.8
2025-04-01T10:04:00+0530,NSE:CAMS,3707.4,NFO:CAMS25APRFUT,3664.85,42.55
2025-04-01T10:05:00+0530,NSE:CAMS,3704.75,NFO:CAMS25APRFUT,3659.2,45.55
2025-04-01T10:06:00+0530,NSE:CAMS,3709.45,NFO:CAMS25APRFUT,3662.05,47.4
2025-04-01T10:07:00+0530,NSE:CAMS,3701.7,NFO:CAMS25APRFUT,3662.1,39.6
2025-04-01T10:08:00+0530,NSE:CAMS,3706.1,NFO:CAMS25APRFUT,3662.1,44.0
2025-04-01T10:09:00+0530,NSE:CAMS,3698.7,NFO:CAMS25APRFUT,3647.95,50.75
2025-04-01T10:10:00+0530,NSE:CAMS,3703.7,NFO:CAMS25APRFUT,3649.3,54.4
2025-04-01T10:11:00+0530,NSE:CAMS,3703.8,NFO:CAMS25APRFUT,3654.45,49.35
2025-04-01T10:12:00+0530,NSE:CAMS,3702.75,NFO:CAMS25APRFUT,3646.05,56.7
2025-04-01T10:13:00+0530,NSE:CAMS,3693.15,NFO:CAMS25APRFUT,3641.55,51.6
2025-04-01T10:14:00+0530,NSE:CAMS,3696,NFO:CAMS25APRFUT,3642.1,53.9
2025-04-01T10:15:00+0530,NSE:CAMS,3702.1,NFO:CAMS25APRFUT,3646.65,55.45
2025-04-01T10:16:00+0530,NSE:CAMS,3707,NFO:CAMS25APRFUT,3652,55.0
2025-04-01T10:17:00+0530,NSE:CAMS,3708.2,NFO:CAMS25APRFUT,3658.25,49.95
2025-04-01T10:18:00+0530,NSE:CAMS,3706.7,NFO:CAMS25APRFUT,3651.55,55.15
2025-04-01T10:19:00+0530,NSE:CAMS,3704.75,NFO:CAMS25APRFUT,3650.8,53.95
2025-04-01T10:20:00+0530,NSE:CAMS,3706.8,NFO:CAMS25APRFUT,3655.15,51.65
2025-04-01T10:21:00+0530,NSE:CAMS,3705.4,NFO:CAMS25APRFUT,3651.8,53.6
2025-04-01T10:22:00+0530,NSE:CAMS,3703,NFO:CAMS25APRFUT,3651.8,51.2
2025-04-01T10:23:00+0530,NSE:CAMS,3703.45,NFO:CAMS25APRFUT,3648,55.45
2025-04-01T10:24:00+0530,NSE:CAMS,3697.55,NFO:CAMS25APRFUT,3648,49.55
2025-04-01T10:25:00+0530,NSE:CAMS,3690.3,NFO:CAMS25APRFUT,3639,51.3
2025-04-01T10:26:00+0530,NSE:CAMS,3692.1,NFO:CAMS25APRFUT,3645.3,46.8
2025-04-01T10:27:00+0530,NSE:CAMS,3694.1,NFO:CAMS25APRFUT,3641.1,53.0
2025-04-01T10:28:00+0530,NSE:CAMS,3687.05,NFO:CAMS25APRFUT,3633.4,53.65
2025-04-01T10:29:00+0530,NSE:CAMS,3682.9,NFO:CAMS25APRFUT,3631.25,51.65
2025-04-01T10:30:00+0530,NSE:CAMS,3684.6,NFO:CAMS25APRFUT,3631.25,53.35
2025-04-01T10:31:00+0530,NSE:CAMS,3680.05,NFO:CAMS25APRFUT,3625,55.05
2025-04-01T10:32:00+0530,NSE:CAMS,3680.55,NFO:CAMS25APRFUT,3627.35,53.2
2025-04-01T10:33:00+0530,NSE:CAMS,3680.1,NFO:CAMS25APRFUT,3623.85,56.25
2025-04-01T10:34:00+0530,NSE:CAMS,3686.8,NFO:CAMS25APRFUT,3629.65,57.15
2025-04-01T10:35:00+0530,NSE:CAMS,3682,NFO:CAMS25APRFUT,3624.2,57.8
2025-04-01T10:36:00+0530,NSE:CAMS,3685.45,NFO:CAMS25APRFUT,3626.6,58.85
2025-04-01T10:37:00+0530,NSE:CAMS,3686,NFO:CAMS25APRFUT,3627.45,58.55
2025-04-01T10:38:00+0530,NSE:CAMS,3692.4,NFO:CAMS25APRFUT,3634.35,58.05
2025-04-01T10:39:00+0530,NSE:CAMS,3693.05,NFO:CAMS25APRFUT,3635,58.05
2025-04-01T10:40:00+0530,NSE:CAMS,3694.75,NFO:CAMS25APRFUT,3634.45,60.3
2025-04-01T10:41:00+0530,NSE:CAMS,3695,NFO:CAMS25APRFUT,3636.25,58.75
2025-04-01T10:42:00+0530,NSE:CAMS,3700,NFO:CAMS25APRFUT,3639.35,60.65
2025-04-01T10:43:00+0530,NSE:CAMS,3698.2,NFO:CAMS25APRFUT,3639.8,58.4
2025-04-01T10:44:00+0530,NSE:CAMS,3698.1,NFO:CAMS25APRFUT,3638.7,59.4
2025-04-01T10:45:00+0530,NSE:CAMS,3696.2,NFO:CAMS25APRFUT,3633.85,62.35
2025-04-01T10:46:00+0530,NSE:CAMS,3697,NFO:CAMS25APRFUT,3634.9,62.1
2025-04-01T10:47:00+0530,NSE:CAMS,3695.25,NFO:CAMS25APRFUT,3633.9,61.35
2025-04-01T10:48:00+0530,NSE:CAMS,3695,NFO:CAMS25APRFUT,3633.35,61.65
2025-04-01T10:49:00+0530,NSE:CAMS,3695.15,NFO:CAMS25APRFUT,3633.65,61.5
2025-04-01T10:50:00+0530,NSE:CAMS,3692.75,NFO:CAMS25APRFUT,3630.4,62.35
2025-04-01T10:51:00+0530,NSE:CAMS,3692.7,NFO:CAMS25APRFUT,3630.4,62.3
2025-04-01T10:52:00+0530,NSE:CAMS,3692.6,NFO:CAMS25APRFUT,3629.6,63.0
2025-04-01T10:53:00+0530,NSE:CAMS,3695,NFO:CAMS25APRFUT,3632,63.0
2025-04-01T10:54:00+0530,NSE:CAMS,3693.3,NFO:CAMS25APRFUT,3634.15,59.15
2025-04-01T10:55:00+0530,NSE:CAMS,3691,NFO:CAMS25APRFUT,3629.85,61.15
2025-04-01T10:56:00+0530,NSE:CAMS,3683.9,NFO:CAMS25APRFUT,3620.6,63.3
2025-04-01T10:57:00+0530,NSE:CAMS,3681.15,NFO:CAMS25APRFUT,3616.5,64.65
2025-04-01T10:58:00+0530,NSE:CAMS,3681.85,NFO:CAMS25APRFUT,3617.55,64.3
2025-04-01T10:59:00+0530,NSE:CAMS,3680.9,NFO:CAMS25APRFUT,3616.5,64.4
2025-04-01T11:00:00+0530,NSE:CAMS,3680.25,NFO:CAMS25APRFUT,3612.85,67.4
2025-04-01T11:01:00+0530,NSE:CAMS,3680.7,NFO:CAMS25APRFUT,3613.7,67.0
2025-04-01T11:02:00+0530,NSE:CAMS,3681.95,NFO:CAMS25APRFUT,3615.25,66.7
2025-04-01T11:03:00+0530,NSE:CAMS,3682.5,NFO:CAMS25APRFUT,3614.4,68.1
2025-04-01T11:04:00+0530,NSE:CAMS,3677,NFO:CAMS25APRFUT,3605.05,71.95
2025-04-01T11:05:00+0530,NSE:CAMS,3678.5,NFO:CAMS25APRFUT,3617.65,60.85
2025-04-01T11:06:00+0530,NSE:CAMS,3680.6,NFO:CAMS25APRFUT,3615.3,65.3
2025-04-01T11:07:00+0530,NSE:CAMS,3679.95,NFO:CAMS25APRFUT,3615.3,64.65
2025-04-01T11:08:00+0530,NSE:CAMS,3682.05,NFO:CAMS25APRFUT,3615,67.05
2025-04-01T11:09:00+0530,NSE:CAMS,3680,NFO:CAMS25APRFUT,3614,66.0
2025-04-01T11:10:00+0530,NSE:CAMS,3676,NFO:CAMS25APRFUT,3606.85,69.15
2025-04-01T11:11:00+0530,NSE:CAMS,3682.5,NFO:CAMS25APRFUT,3614.55,67.95
2025-04-01T11:12:00+0530,NSE:CAMS,3677,NFO:CAMS25APRFUT,3610,67.0
2025-04-01T11:13:00+0530,NSE:CAMS,3681.15,NFO:CAMS25APRFUT,3612.2,68.95
2025-04-01T11:14:00+0530,NSE:CAMS,3678.75,NFO:CAMS25APRFUT,3612,66.75
2025-04-01T11:15:00+0530,NSE:CAMS,3680.55,NFO:CAMS25APRFUT,3614,66.55
2025-04-01T11:16:00+0530,NSE:CAMS,3682.6,NFO:CAMS25APRFUT,3615.2,67.4
2025-04-01T11:17:00+0530,NSE:CAMS,3685.65,NFO:CAMS25APRFUT,3620,65.65
2025-04-01T11:18:00+0530,NSE:CAMS,3685.35,NFO:CAMS25APRFUT,3620,65.35
2025-04-01T11:19:00+0530,NSE:CAMS,3681.3,NFO:CAMS25APRFUT,3617.5,63.8
2025-04-01T11:20:00+0530,NSE:CAMS,3678,NFO:CAMS25APRFUT,3613.3,64.7
2025-04-01T11:21:00+0530,NSE:CAMS,3679.9,NFO:CAMS25APRFUT,3613.3,66.6
2025-04-01T11:22:00+0530,NSE:CAMS,3682.95,NFO:CAMS25APRFUT,3622,60.95
2025-04-01T11:23:00+0530,NSE:CAMS,3685.4,NFO:CAMS25APRFUT,3619.95,65.45
2025-04-01T11:24:00+0530,NSE:CAMS,3685,NFO:CAMS25APRFUT,3620,65.0
2025-04-01T11:25:00+0530,NSE:CAMS,3675,NFO:CAMS25APRFUT,3613,62.0
2025-04-01T11:26:00+0530,NSE:CAMS,3676.15,NFO:CAMS25APRFUT,3613,63.15
2025-04-01T11:27:00+0530,NSE:CAMS,3675.7,NFO:CAMS25APRFUT,3617.55,58.15
2025-04-01T11:28:00+0530,NSE:CAMS,3680.75,NFO:CAMS25APRFUT,3622.05,58.7
2025-04-01T11:29:00+0530,NSE:CAMS,3678.2,NFO:CAMS25APRFUT,3618.8,59.4
2025-04-01T11:30:00+0530,NSE:CAMS,3675,NFO:CAMS25APRFUT,3618.05,56.95
2025-04-01T11:31:00+0530,NSE:CAMS,3672,NFO:CAMS25APRFUT,3617,55.0
2025-04-01T11:32:00+0530,NSE:CAMS,3671,NFO:CAMS25APRFUT,3617.05,53.95
2025-04-01T11:33:00+0530,NSE:CAMS,3671.05,NFO:CAMS25APRFUT,3615.75,55.3
2025-04-01T11:34:00+0530,NSE:CAMS,3666,NFO:CAMS25APRFUT,3608.05,57.95
2025-04-01T11:35:00+0530,NSE:CAMS,3661.95,NFO:CAMS25APRFUT,3605,56.95
2025-04-01T11:36:00+0530,NSE:CAMS,3660.05,NFO:CAMS25APRFUT,3600.1,59.95
2025-04-01T11:37:00+0530,NSE:CAMS,3664.45,NFO:CAMS25APRFUT,3605.35,59.1
2025-04-01T11:38:00+0530,NSE:CAMS,3666.6,NFO:CAMS25APRFUT,3605.35,61.25
2025-04-01T11:39:00+0530,NSE:CAMS,3663,NFO:CAMS25APRFUT,3604,59.0
2025-04-01T11:40:00+0530,NSE:CAMS,3663.4,NFO:CAMS25APRFUT,3604.7,58.7
2025-04-01T11:41:00+0530,NSE:CAMS,3663.6,NFO:CAMS25APRFUT,3605.3,58.3
2025-04-01T11:42:00+0530,NSE:CAMS,3668.7,NFO:CAMS25APRFUT,3612.95,55.75
2025-04-01T11:43:00+0530,NSE:CAMS,3663.8,NFO:CAMS25APRFUT,3605.1,58.7
2025-04-01T11:44:00+0530,NSE:CAMS,3666.75,NFO:CAMS25APRFUT,3605,61.75
2025-04-01T11:45:00+0530,NSE:CAMS,3664.65,NFO:CAMS25APRFUT,3605,59.65
2025-04-01T11:46:00+0530,NSE:CAMS,3667.55,NFO:CAMS25APRFUT,3611.3,56.25
2025-04-01T11:47:00+0530,NSE:CAMS,3669.55,NFO:CAMS25APRFUT,3608.65,60.9
2025-04-01T11:48:00+0530,NSE:CAMS,3669.15,NFO:CAMS25APRFUT,3611.25,57.9
2025-04-01T11:49:00+0530,NSE:CAMS,3669.15,NFO:CAMS25APRFUT,3611.25,57.9
2025-04-01T11:50:00+0530,NSE:CAMS,3667.7,NFO:CAMS25APRFUT,3607.65,60.05
2025-04-01T11:51:00+0530,NSE:CAMS,3669.2,NFO:CAMS25APRFUT,3607.65,61.55
2025-04-01T11:52:00+0530,NSE:CAMS,3665,NFO:CAMS25APRFUT,3605.9,59.1
2025-04-01T11:53:00+0530,NSE:CAMS,3667,NFO:CAMS25APRFUT,3605.3,61.7
2025-04-01T11:54:00+0530,NSE:CAMS,3665,NFO:CAMS25APRFUT,3605.3,59.7
2025-04-01T11:55:00+0530,NSE:CAMS,3665.85,NFO:CAMS25APRFUT,3605.3,60.55
2025-04-01T11:56:00+0530,NSE:CAMS,3662,NFO:CAMS25APRFUT,3602.4,59.6
2025-04-01T11:57:00+0530,NSE:CAMS,3663,NFO:CAMS25APRFUT,3600,63.0
2025-04-01T11:58:00+0530,NSE:CAMS,3664,NFO:CAMS25APRFUT,3602.1,61.9
2025-04-01T11:59:00+0530,NSE:CAMS,3662.85,NFO:CAMS25APRFUT,3602.1,60.75
2025-04-01T12:00:00+0530,NSE:CAMS,3661,NFO:CAMS25APRFUT,3603.05,57.95
2025-04-01T12:01:00+0530,NSE:CAMS,3661.05,NFO:CAMS25APRFUT,3604.6,56.45
2025-04-01T12:02:00+0530,NSE:CAMS,3662,NFO:CAMS25APRFUT,3604.6,57.4
2025-04-01T12:03:00+0530,NSE:CAMS,3660.65,NFO:CAMS25APRFUT,3604.3,56.35
2025-04-01T12:04:00+0530,NSE:CAMS,3657.85,NFO:CAMS25APRFUT,3607.4,50.45
2025-04-01T12:05:00+0530,NSE:CAMS,3651.4,NFO:CAMS25APRFUT,3602.1,49.3
2025-04-01T12:06:00+0530,NSE:CAMS,3653.5,NFO:CAMS25APRFUT,3605,48.5
2025-04-01T12:07:00+0530,NSE:CAMS,3647.9,NFO:CAMS25APRFUT,3600.45,47.45
2025-04-01T12:08:00+0530,NSE:CAMS,3643.3,NFO:CAMS25APRFUT,3594,49.3
2025-04-01T12:09:00+0530,NSE:CAMS,3642.2,NFO:CAMS25APRFUT,3594.7,47.5
2025-04-01T12:10:00+0530,NSE:CAMS,3649.35,NFO:CAMS25APRFUT,3603,46.35
2025-04-01T12:11:00+0530,NSE:CAMS,3659.55,NFO:CAMS25APRFUT,3612.9,46.65
2025-04-01T12:12:00+0530,NSE:CAMS,3656.2,NFO:CAMS25APRFUT,3609.15,47.05
2025-04-01T12:13:00+0530,NSE:CAMS,3660.8,NFO:CAMS25APRFUT,3616.1,44.7
2025-04-01T12:14:00+0530,NSE:CAMS,3663.85,NFO:CAMS25APRFUT,3617.65,46.2
2025-04-01T12:15:00+0530,NSE:CAMS,3670.4,NFO:CAMS25APRFUT,3626,44.4
2025-04-01T12:16:00+0530,NSE:CAMS,3667.3,NFO:CAMS25APRFUT,3622.15,45.15
2025-04-01T12:17:00+0530,NSE:CAMS,3667,NFO:CAMS25APRFUT,3619.65,47.35
2025-04-01T12:18:00+0530,NSE:CAMS,3670,NFO:CAMS25APRFUT,3625.5,44.5
2025-04-01T12:19:00+0530,NSE:CAMS,3680,NFO:CAMS25APRFUT,3630,50.0
2025-04-01T12:20:00+0530,NSE:CAMS,3678.65,NFO:CAMS25APRFUT,3633.1,45.55
2025-04-01T12:21:00+0530,NSE:CAMS,3672.1,NFO:CAMS25APRFUT,3627.25,44.85
2025-04-01T12:22:00+0530,NSE:CAMS,3674,NFO:CAMS25APRFUT,3627.25,46.75
2025-04-01T12:23:00+0530,NSE:CAMS,3671.6,NFO:CAMS25APRFUT,3625.85,45.75
2025-04-01T12:24:00+0530,NSE:CAMS,3673.35,NFO:CAMS25APRFUT,3628.25,45.1
2025-04-01T12:25:00+0530,NSE:CAMS,3678.45,NFO:CAMS25APRFUT,3630.7,47.75
2025-04-01T12:26:00+0530,NSE:CAMS,3680.2,NFO:CAMS25APRFUT,3633.6,46.6
2025-04-01T12:27:00+0530,NSE:CAMS,3682.85,NFO:CAMS25APRFUT,3638,44.85
2025-04-01T12:28:00+0530,NSE:CAMS,3682.7,NFO:CAMS25APRFUT,3637.95,44.75
2025-04-01T12:29:00+0530,NSE:CAMS,3678.55,NFO:CAMS25APRFUT,3632.55,46.0
2025-04-01T12:30:00+0530,NSE:CAMS,3683.5,NFO:CAMS25APRFUT,3638,45.5
2025-04-01T12:31:00+0530,NSE:CAMS,3686.6,NFO:CAMS25APRFUT,3642,44.6
2025-04-01T12:32:00+0530,NSE:CAMS,3685,NFO:CAMS25APRFUT,3638.6,46.4
2025-04-01T12:33:00+0530,NSE:CAMS,3687.9,NFO:CAMS25APRFUT,3640,47.9
2025-04-01T12:34:00+0530,NSE:CAMS,3687.85,NFO:CAMS25APRFUT,3638.45,49.4
2025-04-01T12:35:00+0530,NSE:CAMS,3685,NFO:CAMS25APRFUT,3641.25,43.75
2025-04-01T12:36:00+0530,NSE:CAMS,3683.5,NFO:CAMS25APRFUT,3635.85,47.65
2025-04-01T12:37:00+0530,NSE:CAMS,3682,NFO:CAMS25APRFUT,3633,49.0
2025-04-01T12:38:00+0530,NSE:CAMS,3681,NFO:CAMS25APRFUT,3635.4,45.6
2025-04-01T12:39:00+0530,NSE:CAMS,3684.75,NFO:CAMS25APRFUT,3635.4,49.35
2025-04-01T12:40:00+0530,NSE:CAMS,3684.55,NFO:CAMS25APRFUT,3634.45,50.1
2025-04-01T12:41:00+0530,NSE:CAMS,3684.6,NFO:CAMS25APRFUT,3634.4,50.2
2025-04-01T12:42:00+0530,NSE:CAMS,3685,NFO:CAMS25APRFUT,3639,46.0
2025-04-01T12:43:00+0530,NSE:CAMS,3685,NFO:CAMS25APRFUT,3639,46.0
2025-04-01T12:44:00+0530,NSE:CAMS,3683.35,NFO:CAMS25APRFUT,3637.75,45.6
2025-04-01T12:45:00+0530,NSE:CAMS,3684,NFO:CAMS25APRFUT,3637.75,46.25
2025-04-01T12:46:00+0530,NSE:CAMS,3683.15,NFO:CAMS25APRFUT,3636.65,46.5
2025-04-01T12:47:00+0530,NSE:CAMS,3681.4,NFO:CAMS25APRFUT,3635.45,45.95
2025-04-01T12:48:00+0530,NSE:CAMS,3681.4,NFO:CAMS25APRFUT,3636,45.4
2025-04-01T12:49:00+0530,NSE:CAMS,3682,NFO:CAMS25APRFUT,3636,46.0
2025-04-01T12:50:00+0530,NSE:CAMS,3682,NFO:CAMS25APRFUT,3634.85,47.15
2025-04-01T12:51:00+0530,NSE:CAMS,3682.4,NFO:CAMS25APRFUT,3634.85,47.55
2025-04-01T12:52:00+0530,NSE:CAMS,3680.4,NFO:CAMS25APRFUT,3636.6,43.8
2025-04-01T12:53:00+0530,NSE:CAMS,3680,NFO:CAMS25APRFUT,3632.9,47.1
2025-04-01T12:54:00+0530,NSE:CAMS,3680.35,NFO:CAMS25APRFUT,3632.9,47.45
2025-04-01T12:55:00+0530,NSE:CAMS,3676.7,NFO:CAMS25APRFUT,3630,46.7
2025-04-01T12:56:00+0530,NSE:CAMS,3680,NFO:CAMS25APRFUT,3630,50.0
2025-04-01T12:57:00+0530,NSE:CAMS,3676.3,NFO:CAMS25APRFUT,3634,42.3
2025-04-01T12:58:00+0530,NSE:CAMS,3676.3,NFO:CAMS25APRFUT,3634,42.3
2025-04-01T12:59:00+0530,NSE:CAMS,3673.1,NFO:CAMS25APRFUT,3628.3,44.8
2025-04-01T13:00:00+0530,NSE:CAMS,3671,NFO:CAMS25APRFUT,3626,45.0
2025-04-01T13:01:00+0530,NSE:CAMS,3671.65,NFO:CAMS25APRFUT,3622,49.65
2025-04-01T13:02:00+0530,NSE:CAMS,3674.25,NFO:CAMS25APRFUT,3630,44.25
2025-04-01T13:03:00+0530,NSE:CAMS,3671.85,NFO:CAMS25APRFUT,3630,41.85
2025-04-01T13:04:00+0530,NSE:CAMS,3669.1,NFO:CAMS25APRFUT,3626.8,42.3
2025-04-01T13:05:00+0530,NSE:CAMS,3669,NFO:CAMS25APRFUT,3626.8,42.2
2025-04-01T13:06:00+0530,NSE:CAMS,3670,NFO:CAMS25APRFUT,3626.8,43.2
2025-04-01T13:07:00+0530,NSE:CAMS,3666.4,NFO:CAMS25APRFUT,3622.8,43.6
2025-04-01T13:08:00+0530,NSE:CAMS,3664.7,NFO:CAMS25APRFUT,3619.2,45.5
2025-04-01T13:09:00+0530,NSE:CAMS,3664.8,NFO:CAMS25APRFUT,3619.2,45.6
2025-04-01T13:10:00+0530,NSE:CAMS,3664.9,NFO:CAMS25APRFUT,3619.2,45.7
2025-04-01T13:11:00+0530,NSE:CAMS,3666.65,NFO:CAMS25APRFUT,3622.8,43.85
2025-04-01T13:12:00+0530,NSE:CAMS,3669.95,NFO:CAMS25APRFUT,3626.55,43.4
2025-04-01T13:13:00+0530,NSE:CAMS,3668,NFO:CAMS25APRFUT,3623.35,44.65
2025-04-01T13:14:00+0530,NSE:CAMS,3670,NFO:CAMS25APRFUT,3623.35,46.65
2025-04-01T13:15:00+0530,NSE:CAMS,3668,NFO:CAMS25APRFUT,3623.35,44.65
2025-04-01T13:16:00+0530,NSE:CAMS,3664.75,NFO:CAMS25APRFUT,3623.35,41.4
2025-04-01T13:17:00+0530,NSE:CAMS,3668,NFO:CAMS25APRFUT,3620.65,47.35
2025-04-01T13:18:00+0530,NSE:CAMS,3663,NFO:CAMS25APRFUT,3620.7,42.3
2025-04-01T13:19:00+0530,NSE:CAMS,3661,NFO:CAMS25APRFUT,3620.7,40.3
2025-04-01T13:20:00+0530,NSE:CAMS,3664,NFO:CAMS25APRFUT,3618.65,45.35
2025-04-01T13:21:00+0530,NSE:CAMS,3663.75,NFO:CAMS25APRFUT,3615.5,48.25
2025-04-01T13:22:00+0530,NSE:CAMS,3662.9,NFO:CAMS25APRFUT,3616.95,45.95
2025-04-01T13:23:00+0530,NSE:CAMS,3662.55,NFO:CAMS25APRFUT,3616.95,45.6
2025-04-01T13:24:00+0530,NSE:CAMS,3665.35,NFO:CAMS25APRFUT,3621,44.35
2025-04-01T13:25:00+0530,NSE:CAMS,3658.65,NFO:CAMS25APRFUT,3613.95,44.7
2025-04-01T13:26:00+0530,NSE:CAMS,3662.6,NFO:CAMS25APRFUT,3613.95,48.65
2025-04-01T13:27:00+0530,NSE:CAMS,3658.5,NFO:CAMS25APRFUT,3616.75,41.75
2025-04-01T13:28:00+0530,NSE:CAMS,3660.6,NFO:CAMS25APRFUT,3616.75,43.85
2025-04-01T13:29:00+0530,NSE:CAMS,3659.35,NFO:CAMS25APRFUT,3616,43.35
2025-04-01T13:30:00+0530,NSE:CAMS,3657.95,NFO:CAMS25APRFUT,3613.65,44.3
2025-04-01T13:31:00+0530,NSE:CAMS,3661.65,NFO:CAMS25APRFUT,3614.2,47.45
2025-04-01T13:32:00+0530,NSE:CAMS,3666.1,NFO:CAMS25APRFUT,3623.35,42.75
2025-04-01T13:33:00+0530,NSE:CAMS,3665.95,NFO:CAMS25APRFUT,3622.85,43.1
2025-04-01T13:34:00+0530,NSE:CAMS,3667.7,NFO:CAMS25APRFUT,3623,44.7
2025-04-01T13:35:00+0530,NSE:CAMS,3673.1,NFO:CAMS25APRFUT,3627,46.1
2025-04-01T13:36:00+0530,NSE:CAMS,3676.5,NFO:CAMS25APRFUT,3630,46.5
2025-04-01T13:37:00+0530,NSE:CAMS,3680.5,NFO:CAMS25APRFUT,3634,46.5
2025-04-01T13:38:00+0530,NSE:CAMS,3678,NFO:CAMS25APRFUT,3636.4,41.6
2025-04-01T13:39:00+0530,NSE:CAMS,3679.6,NFO:CAMS25APRFUT,3637,42.6
2025-04-01T13:40:00+0530,NSE:CAMS,3682,NFO:CAMS25APRFUT,3639.85,42.15
2025-04-01T13:41:00+0530,NSE:CAMS,3682.9,NFO:CAMS25APRFUT,3641.15,41.75
2025-04-01T13:42:00+0530,NSE:CAMS,3682.9,NFO:CAMS25APRFUT,3641.15,41.75
2025-04-01T13:43:00+0530,NSE:CAMS,3682,NFO:CAMS25APRFUT,3641.15,40.85
2025-04-01T13:44:00+0530,NSE:CAMS,3683.85,NFO:CAMS25APRFUT,3641.15,42.7
2025-04-01T13:45:00+0530,NSE:CAMS,3683.55,NFO:CAMS25APRFUT,3642.55,41.0
2025-04-01T13:46:00+0530,NSE:CAMS,3690.55,NFO:CAMS25APRFUT,3650.25,40.3
2025-04-01T13:47:00+0530,NSE:CAMS,3685,NFO:CAMS25APRFUT,3649.8,35.2
2025-04-01T13:48:00+0530,NSE:CAMS,3686,NFO:CAMS25APRFUT,3646.7,39.3
2025-04-01T13:49:00+0530,NSE:CAMS,3685.25,NFO:CAMS25APRFUT,3649,36.25
2025-04-01T13:50:00+0530,NSE:CAMS,3690.35,NFO:CAMS25APRFUT,3653.35,37.0
2025-04-01T09:15:00+0530,NSE:TATAELXSI,5163.65,NFO:TATAELXSI25APRFUT,5025,138.65
2025-04-01T09:16:00+0530,NSE:TATAELXSI,5169.15,NFO:TATAELXSI25APRFUT,5031.05,138.1
2025-04-01T09:17:00+0530,NSE:TATAELXSI,5179.4,NFO:TATAELXSI25APRFUT,5054.3,125.1
2025-04-01T09:18:00+0530,NSE:TATAELXSI,5170.7,NFO:TATAELXSI25APRFUT,5045,125.7
2025-04-01T09:19:00+0530,NSE:TATAELXSI,5154.8,NFO:TATAELXSI25APRFUT,5012.35,142.45
2025-04-01T09:20:00+0530,NSE:TATAELXSI,5151.25,NFO:TATAELXSI25APRFUT,5015,136.25
2025-04-01T09:21:00+0530,NSE:TATAELXSI,5163.3,NFO:TATAELXSI25APRFUT,5024.85,138.45
2025-04-01T09:22:00+0530,NSE:TATAELXSI,5163,NFO:TATAELXSI25APRFUT,5034.7,128.3
2025-04-01T09:23:00+0530,NSE:TATAELXSI,5114.65,NFO:TATAELXSI25APRFUT,4984.15,130.5
2025-04-01T09:24:00+0530,NSE:TATAELXSI,5113.05,NFO:TATAELXSI25APRFUT,4983.35,129.7
2025-04-01T09:25:00+0530,NSE:TATAELXSI,5090,NFO:TATAELXSI25APRFUT,4955.2,134.8
2025-04-01T09:26:00+0530,NSE:TATAELXSI,5110,NFO:TATAELXSI25APRFUT,4975,135.0
2025-04-01T09:27:00+0530,NSE:TATAELXSI,5108.7,NFO:TATAELXSI25APRFUT,4970,138.7
2025-04-01T09:28:00+0530,NSE:TATAELXSI,5145,NFO:TATAELXSI25APRFUT,5011.85,133.15
2025-04-01T09:29:00+0530,NSE:TATAELXSI,5149,NFO:TATAELXSI25APRFUT,5018,131.0
2025-04-01T09:30:00+0530,NSE:TATAELXSI,5169.35,NFO:TATAELXSI25APRFUT,5047.9,121.45
2025-04-01T09:31:00+0530,NSE:TATAELXSI,5166,NFO:TATAELXSI25APRFUT,5038.1,127.9
2025-04-01T09:32:00+0530,NSE:TATAELXSI,5161.35,NFO:TATAELXSI25APRFUT,5041,120.35
2025-04-01T09:33:00+0530,NSE:TATAELXSI,5163.6,NFO:TATAELXSI25APRFUT,5042.75,120.85
2025-04-01T09:34:00+0530,NSE:TATAELXSI,5166.2,NFO:TATAELXSI25APRFUT,5045,121.2
2025-04-01T09:35:00+0530,NSE:TATAELXSI,5179.9,NFO:TATAELXSI25APRFUT,5060,119.9
2025-04-01T09:36:00+0530,NSE:TATAELXSI,5184.3,NFO:TATAELXSI25APRFUT,5065.95,118.35
2025-04-01T09:37:00+0530,NSE:TATAELXSI,5174.55,NFO:TATAELXSI25APRFUT,5052.35,122.2
2025-04-01T09:38:00+0530,NSE:TATAELXSI,5179.85,NFO:TATAELXSI25APRFUT,5063.7,116.15
2025-04-01T09:39:00+0530,NSE:TATAELXSI,5177.15,NFO:TATAELXSI25APRFUT,5060,117.15
2025-04-01T09:40:00+0530,NSE:TATAELXSI,5183.45,NFO:TATAELXSI25APRFUT,5065.5,117.95
2025-04-01T09:41:00+0530,NSE:TATAELXSI,5179,NFO:TATAELXSI25APRFUT,5054.6,124.4
2025-04-01T09:42:00+0530,NSE:TATAELXSI,5170,NFO:TATAELXSI25APRFUT,5051,119.0
2025-04-01T09:43:00+0530,NSE:TATAELXSI,5184.35,NFO:TATAELXSI25APRFUT,5065,119.35
2025-04-01T09:44:00+0530,NSE:TATAELXSI,5178,NFO:TATAELXSI25APRFUT,5058.6,119.4
2025-04-01T09:45:00+0530,NSE:TATAELXSI,5173,NFO:TATAELXSI25APRFUT,5061.1,111.9
2025-04-01T09:46:00+0530,NSE:TATAELXSI,5192.25,NFO:TATAELXSI25APRFUT,5081.85,110.4
2025-04-01T09:47:00+0530,NSE:TATAELXSI,5185.65,NFO:TATAELXSI25APRFUT,5082.25,103.4
2025-04-01T09:48:00+0530,NSE:TATAELXSI,5180.05,NFO:TATAELXSI25APRFUT,5085.8,94.25
2025-04-01T09:49:00+0530,NSE:TATAELXSI,5185,NFO:TATAELXSI25APRFUT,5084,101.0
2025-04-01T09:50:00+0530,NSE:TATAELXSI,5175.7,NFO:TATAELXSI25APRFUT,5075,100.7
2025-04-01T09:51:00+0530,NSE:TATAELXSI,5168.95,NFO:TATAELXSI25APRFUT,5068,100.95
2025-04-01T09:52:00+0530,NSE:TATAELXSI,5170.2,NFO:TATAELXSI25APRFUT,5068.45,101.75
2025-04-01T09:53:00+0530,NSE:TATAELXSI,5180,NFO:TATAELXSI25APRFUT,5084.7,95.3
2025-04-01T09:54:00+0530,NSE:TATAELXSI,5175.55,NFO:TATAELXSI25APRFUT,5072.45,103.1
2025-04-01T09:55:00+0530,NSE:TATAELXSI,5171.25,NFO:TATAELXSI25APRFUT,5063.9,107.35
2025-04-01T09:56:00+0530,NSE:TATAELXSI,5176.75,NFO:TATAELXSI25APRFUT,5074.5,102.25
2025-04-01T09:57:00+0530,NSE:TATAELXSI,5172.6,NFO:TATAELXSI25APRFUT,5068.5,104.1
2025-04-01T09:58:00+0530,NSE:TATAELXSI,5165.35,NFO:TATAELXSI25APRFUT,5057.5,107.85
2025-04-01T09:59:00+0530,NSE:TATAELXSI,5174.4,NFO:TATAELXSI25APRFUT,5062,112.4
2025-04-01T10:00:00+0530,NSE:TATAELXSI,5170.15,NFO:TATAELXSI25APRFUT,5055.5,114.65
2025-04-01T10:01:00+0530,NSE:TATAELXSI,5154.4,NFO:TATAELXSI25APRFUT,5033.25,121.15
2025-04-01T10:02:00+0530,NSE:TATAELXSI,5142.75,NFO:TATAELXSI25APRFUT,5026,116.75
2025-04-01T10:03:00+0530,NSE:TATAELXSI,5137.65,NFO:TATAELXSI25APRFUT,5019,118.65
2025-04-01T10:04:00+0530,NSE:TATAELXSI,5135,NFO:TATAELXSI25APRFUT,5017.3,117.7
2025-04-01T10:05:00+0530,NSE:TATAELXSI,5130,NFO:TATAELXSI25APRFUT,5008,122.0
2025-04-01T10:06:00+0530,NSE:TATAELXSI,5134.9,NFO:TATAELXSI25APRFUT,5007,127.9
2025-04-01T10:07:00+0530,NSE:TATAELXSI,5129.75,NFO:TATAELXSI25APRFUT,4998.7,131.05
2025-04-01T10:08:00+0530,NSE:TATAELXSI,5138.3,NFO:TATAELXSI25APRFUT,5002.95,135.35
2025-04-01T10:09:00+0530,NSE:TATAELXSI,5132.95,NFO:TATAELXSI25APRFUT,4991.4,141.55
2025-04-01T10:10:00+0530,NSE:TATAELXSI,5128.2,NFO:TATAELXSI25APRFUT,4992.35,135.85
2025-04-01T10:11:00+0530,NSE:TATAELXSI,5123.2,NFO:TATAELXSI25APRFUT,4992,131.2
2025-04-01T10:12:00+0530,NSE:TATAELXSI,5129.95,NFO:TATAELXSI25APRFUT,5001.7,128.25
2025-04-01T10:13:00+0530,NSE:TATAELXSI,5125,NFO:TATAELXSI25APRFUT,5002,123.0
2025-04-01T10:14:00+0530,NSE:TATAELXSI,5119.3,NFO:TATAELXSI25APRFUT,4994.85,124.45
2025-04-01T10:15:00+0530,NSE:TATAELXSI,5124.05,NFO:TATAELXSI25APRFUT,5005.4,118.65
2025-04-01T10:16:00+0530,NSE:TATAELXSI,5135.7,NFO:TATAELXSI25APRFUT,5015,120.7
2025-04-01T10:17:00+0530,NSE:TATAELXSI,5138,NFO:TATAELXSI25APRFUT,5018.5,119.5
2025-04-01T10:18:00+0530,NSE:TATAELXSI,5135.25,NFO:TATAELXSI25APRFUT,5018,117.25
2025-04-01T10:19:00+0530,NSE:TATAELXSI,5129,NFO:TATAELXSI25APRFUT,5014.8,114.2
2025-04-01T10:20:00+0530,NSE:TATAELXSI,5137.05,NFO:TATAELXSI25APRFUT,5021.55,115.5
2025-04-01T10:21:00+0530,NSE:TATAELXSI,5137.15,NFO:TATAELXSI25APRFUT,5026.4,110.75
2025-04-01T10:22:00+0530,NSE:TATAELXSI,5135.75,NFO:TATAELXSI25APRFUT,5023.8,111.95
2025-04-01T10:23:00+0530,NSE:TATAELXSI,5132.95,NFO:TATAELXSI25APRFUT,5015,117.95
2025-04-01T10:24:00+0530,NSE:TATAELXSI,5122,NFO:TATAELXSI25APRFUT,5004.8,117.2
2025-04-01T10:25:00+0530,NSE:TATAELXSI,5121.6,NFO:TATAELXSI25APRFUT,5004.95,116.65
2025-04-01T10:26:00+0530,NSE:TATAELXSI,5100,NFO:TATAELXSI25APRFUT,4986.45,113.55
2025-04-01T10:27:00+0530,NSE:TATAELXSI,5106.2,NFO:TATAELXSI25APRFUT,4989.65,116.55
2025-04-01T10:28:00+0530,NSE:TATAELXSI,5105,NFO:TATAELXSI25APRFUT,4984.05,120.95
2025-04-01T10:29:00+0530,NSE:TATAELXSI,5103.2,NFO:TATAELXSI25APRFUT,4984.8,118.4
2025-04-01T10:30:00+0530,NSE:TATAELXSI,5106.55,NFO:TATAELXSI25APRFUT,4987.65,118.9
2025-04-01T10:31:00+0530,NSE:TATAELXSI,5102.6,NFO:TATAELXSI25APRFUT,4985.3,117.3
2025-04-01T10:32:00+0530,NSE:TATAELXSI,5107.5,NFO:TATAELXSI25APRFUT,4985.9,121.6
2025-04-01T10:33:00+0530,NSE:TATAELXSI,5106,NFO:TATAELXSI25APRFUT,4990.6,115.4
2025-04-01T10:34:00+0530,NSE:TATAELXSI,5107,NFO:TATAELXSI25APRFUT,4985,122.0
2025-04-01T10:35:00+0530,NSE:TATAELXSI,5108.5,NFO:TATAELXSI25APRFUT,4989.9,118.6
2025-04-01T10:36:00+0530,NSE:TATAELXSI,5103,NFO:TATAELXSI25APRFUT,4988.25,114.75
2025-04-01T10:37:00+0530,NSE:TATAELXSI,5115,NFO:TATAELXSI25APRFUT,5000,115.0
2025-04-01T10:38:00+0530,NSE:TATAELXSI,5119.8,NFO:TATAELXSI25APRFUT,5007.8,112.0
2025-04-01T10:39:00+0530,NSE:TATAELXSI,5117.35,NFO:TATAELXSI25APRFUT,5004.95,112.4
2025-04-01T10:40:00+0530,NSE:TATAELXSI,5112.2,NFO:TATAELXSI25APRFUT,5004.95,107.25
2025-04-01T10:41:00+0530,NSE:TATAELXSI,5112.35,NFO:TATAELXSI25APRFUT,5002.6,109.75
2025-04-01T10:42:00+0530,NSE:TATAELXSI,5115.1,NFO:TATAELXSI25APRFUT,5003.3,111.8
2025-04-01T10:43:00+0530,NSE:TATAELXSI,5117.3,NFO:TATAELXSI25APRFUT,5004.95,112.35
2025-04-01T10:44:00+0530,NSE:TATAELXSI,5117.2,NFO:TATAELXSI25APRFUT,5007.95,109.25
2025-04-01T10:45:00+0530,NSE:TATAELXSI,5123.9,NFO:TATAELXSI25APRFUT,5010.2,113.7
2025-04-01T10:46:00+0530,NSE:TATAELXSI,5118.75,NFO:TATAELXSI25APRFUT,5003.5,115.25
2025-04-01T10:47:00+0530,NSE:TATAELXSI,5117.3,NFO:TATAELXSI25APRFUT,5005,112.3
2025-04-01T10:48:00+0530,NSE:TATAELXSI,5114.1,NFO:TATAELXSI25APRFUT,5002.85,111.25
2025-04-01T10:49:00+0530,NSE:TATAELXSI,5112.5,NFO:TATAELXSI25APRFUT,4999.8,112.7
2025-04-01T10:50:00+0530,NSE:TATAELXSI,5112,NFO:TATAELXSI25APRFUT,4997.05,114.95
2025-04-01T10:51:00+0530,NSE:TATAELXSI,5130.9,NFO:TATAELXSI25APRFUT,5024.05,106.85
2025-04-01T10:52:00+0530,NSE:TATAELXSI,5128.5,NFO:TATAELXSI25APRFUT,5022.4,106.1
2025-04-01T10:53:00+0530,NSE:TATAELXSI,5133.95,NFO:TATAELXSI25APRFUT,5025.05,108.9
2025-04-01T10:54:00+0530,NSE:TATAELXSI,5130.35,NFO:TATAELXSI25APRFUT,5025.05,105.3
2025-04-01T10:55:00+0530,NSE:TATAELXSI,5127,NFO:TATAELXSI25APRFUT,5021.5,105.5
2025-04-01T10:56:00+0530,NSE:TATAELXSI,5115,NFO:TATAELXSI25APRFUT,5010,105.0
2025-04-01T10:57:00+0530,NSE:TATAELXSI,5114.4,NFO:TATAELXSI25APRFUT,5006,108.4
2025-04-01T10:58:00+0530,NSE:TATAELXSI,5114.9,NFO:TATAELXSI25APRFUT,5010,104.9
2025-04-01T10:59:00+0530,NSE:TATAELXSI,5112,NFO:TATAELXSI25APRFUT,5006,106.0
2025-04-01T11:00:00+0530,NSE:TATAELXSI,5109.85,NFO:TATAELXSI25APRFUT,5005.25,104.6
2025-04-01T11:01:00+0530,NSE:TATAELXSI,5111.35,NFO:TATAELXSI25APRFUT,5002.4,108.95
2025-04-01T11:02:00+0530,NSE:TATAELXSI,5108.45,NFO:TATAELXSI25APRFUT,4997.3,111.15
2025-04-01T11:03:00+0530,NSE:TATAELXSI,5105,NFO:TATAELXSI25APRFUT,4997,108.0
2025-04-01T11:04:00+0530,NSE:TATAELXSI,5094.9,NFO:TATAELXSI25APRFUT,4978.95,115.95
2025-04-01T11:05:00+0530,NSE:TATAELXSI,5104.55,NFO:TATAELXSI25APRFUT,4985.25,119.3
2025-04-01T11:06:00+0530,NSE:TATAELXSI,5106.3,NFO:TATAELXSI25APRFUT,4984.5,121.8
2025-04-01T11:07:00+0530,NSE:TATAELXSI,5099.95,NFO:TATAELXSI25APRFUT,4980,119.95
2025-04-01T11:08:00+0530,NSE:TATAELXSI,5103,NFO:TATAELXSI25APRFUT,4980,123.0
2025-04-01T11:09:00+0530,NSE:TATAELXSI,5096,NFO:TATAELXSI25APRFUT,4977.3,118.7
2025-04-01T11:10:00+0530,NSE:TATAELXSI,5097.25,NFO:TATAELXSI25APRFUT,4983.15,114.1
2025-04-01T11:11:00+0530,NSE:TATAELXSI,5091,NFO:TATAELXSI25APRFUT,4969.95,121.05
2025-04-01T11:12:00+0530,NSE:TATAELXSI,5059.6,NFO:TATAELXSI25APRFUT,4932.6,127.0
2025-04-01T11:13:00+0530,NSE:TATAELXSI,5068.55,NFO:TATAELXSI25APRFUT,4939,129.55
2025-04-01T11:14:00+0530,NSE:TATAELXSI,5062.2,NFO:TATAELXSI25APRFUT,4934.95,127.25
2025-04-01T11:15:00+0530,NSE:TATAELXSI,5072.2,NFO:TATAELXSI25APRFUT,4940,132.2
2025-04-01T11:16:00+0530,NSE:TATAELXSI,5068.7,NFO:TATAELXSI25APRFUT,4941.95,126.75
2025-04-01T11:17:00+0530,NSE:TATAELXSI,5070.9,NFO:TATAELXSI25APRFUT,4944.95,125.95
2025-04-01T11:18:00+0530,NSE:TATAELXSI,5070.65,NFO:TATAELXSI25APRFUT,4942,128.65
2025-04-01T11:19:00+0530,NSE:TATAELXSI,5071.1,NFO:TATAELXSI25APRFUT,4940.35,130.75
2025-04-01T11:20:00+0530,NSE:TATAELXSI,5066.4,NFO:TATAELXSI25APRFUT,4940.95,125.45
2025-04-01T11:21:00+0530,NSE:TATAELXSI,5067.4,NFO:TATAELXSI25APRFUT,4940.5,126.9
2025-04-01T11:22:00+0530,NSE:TATAELXSI,5071.55,NFO:TATAELXSI25APRFUT,4946.25,125.3
2025-04-01T11:23:00+0530,NSE:TATAELXSI,5080.95,NFO:TATAELXSI25APRFUT,4957.2,123.75
2025-04-01T11:24:00+0530,NSE:TATAELXSI,5078.8,NFO:TATAELXSI25APRFUT,4958.4,120.4
2025-04-01T11:25:00+0530,NSE:TATAELXSI,5066.35,NFO:TATAELXSI25APRFUT,4948,118.35
2025-04-01T11:26:00+0530,NSE:TATAELXSI,5067.35,NFO:TATAELXSI25APRFUT,4945,122.35
2025-04-01T11:27:00+0530,NSE:TATAELXSI,5050,NFO:TATAELXSI25APRFUT,4934,116.0
2025-04-01T11:28:00+0530,NSE:TATAELXSI,5058.9,NFO:TATAELXSI25APRFUT,4940,118.9
2025-04-01T11:29:00+0530,NSE:TATAELXSI,5049,NFO:TATAELXSI25APRFUT,4935,114.0
2025-04-01T11:30:00+0530,NSE:TATAELXSI,5049,NFO:TATAELXSI25APRFUT,4931.55,117.45
2025-04-01T11:31:00+0530,NSE:TATAELXSI,5047.9,NFO:TATAELXSI25APRFUT,4930,117.9
2025-04-01T11:32:00+0530,NSE:TATAELXSI,5049,NFO:TATAELXSI25APRFUT,4934.25,114.75
2025-04-01T11:33:00+0530,NSE:TATAELXSI,5052,NFO:TATAELXSI25APRFUT,4931.05,120.95
2025-04-01T11:34:00+0530,NSE:TATAELXSI,5052.1,NFO:TATAELXSI25APRFUT,4929,123.1
2025-04-01T11:35:00+0530,NSE:TATAELXSI,5043,NFO:TATAELXSI25APRFUT,4918.1,124.9
2025-04-01T11:36:00+0530,NSE:TATAELXSI,5049.45,NFO:TATAELXSI25APRFUT,4922.9,126.55
2025-04-01T11:37:00+0530,NSE:TATAELXSI,5052,NFO:TATAELXSI25APRFUT,4928.55,123.45
2025-04-01T11:38:00+0530,NSE:TATAELXSI,5054.95,NFO:TATAELXSI25APRFUT,4932,122.95
2025-04-01T11:39:00+0530,NSE:TATAELXSI,5052.65,NFO:TATAELXSI25APRFUT,4933.5,119.15
2025-04-01T11:40:00+0530,NSE:TATAELXSI,5054,NFO:TATAELXSI25APRFUT,4937.1,116.9
2025-04-01T11:41:00+0530,NSE:TATAELXSI,5058.1,NFO:TATAELXSI25APRFUT,4942.9,115.2
2025-04-01T11:42:00+0530,NSE:TATAELXSI,5056.55,NFO:TATAELXSI25APRFUT,4941.65,114.9
2025-04-01T11:43:00+0530,NSE:TATAELXSI,5054.2,NFO:TATAELXSI25APRFUT,4938,116.2
2025-04-01T11:44:00+0530,NSE:TATAELXSI,5059.5,NFO:TATAELXSI25APRFUT,4944,115.5
2025-04-01T11:45:00+0530,NSE:TATAELXSI,5055,NFO:TATAELXSI25APRFUT,4936,119.0
2025-04-01T11:46:00+0530,NSE:TATAELXSI,5057,NFO:TATAELXSI25APRFUT,4939.75,117.25
2025-04-01T11:47:00+0530,NSE:TATAELXSI,5057.05,NFO:TATAELXSI25APRFUT,4938.2,118.85
2025-04-01T11:48:00+0530,NSE:TATAELXSI,5060.5,NFO:TATAELXSI25APRFUT,4945.9,114.6
2025-04-01T11:49:00+0530,NSE:TATAELXSI,5057.5,NFO:TATAELXSI25APRFUT,4944.8,112.7
2025-04-01T11:50:00+0530,NSE:TATAELXSI,5058.95,NFO:TATAELXSI25APRFUT,4944.8,114.15
2025-04-01T11:51:00+0530,NSE:TATAELXSI,5061,NFO:TATAELXSI25APRFUT,4943.7,117.3
2025-04-01T11:52:00+0530,NSE:TATAELXSI,5064.1,NFO:TATAELXSI25APRFUT,4947.45,116.65
2025-04-01T11:53:00+0530,NSE:TATAELXSI,5064.6,NFO:TATAELXSI25APRFUT,4945,119.6
2025-04-01T11:54:00+0530,NSE:TATAELXSI,5059.65,NFO:TATAELXSI25APRFUT,4944.4,115.25
2025-04-01T11:55:00+0530,NSE:TATAELXSI,5065.65,NFO:TATAELXSI25APRFUT,4951.8,113.85
2025-04-01T11:56:00+0530,NSE:TATAELXSI,5067.1,NFO:TATAELXSI25APRFUT,4956.2,110.9
2025-04-01T11:57:00+0530,NSE:TATAELXSI,5062.5,NFO:TATAELXSI25APRFUT,4952.45,110.05
2025-04-01T11:58:00+0530,NSE:TATAELXSI,5079.85,NFO:TATAELXSI25APRFUT,4967.75,112.1
2025-04-01T11:59:00+0530,NSE:TATAELXSI,5079.95,NFO:TATAELXSI25APRFUT,4973.25,106.7
2025-04-01T12:00:00+0530,NSE:TATAELXSI,5071.75,NFO:TATAELXSI25APRFUT,4970.9,100.85
2025-04-01T12:01:00+0530,NSE:TATAELXSI,5076.45,NFO:TATAELXSI25APRFUT,4970,106.45
2025-04-01T12:02:00+0530,NSE:TATAELXSI,5076.65,NFO:TATAELXSI25APRFUT,4975.6,101.05
2025-04-01T12:03:00+0530,NSE:TATAELXSI,5065.65,NFO:TATAELXSI25APRFUT,4966.6,99.05
2025-04-01T12:04:00+0530,NSE:TATAELXSI,5068.45,NFO:TATAELXSI25APRFUT,4965,103.45
2025-04-01T12:05:00+0530,NSE:TATAELXSI,5068.15,NFO:TATAELXSI25APRFUT,4964.1,104.05
2025-04-01T12:06:00+0530,NSE:TATAELXSI,5070.3,NFO:TATAELXSI25APRFUT,4969.45,100.85
2025-04-01T12:07:00+0530,NSE:TATAELXSI,5067.15,NFO:TATAELXSI25APRFUT,4965,102.15
2025-04-01T12:08:00+0530,NSE:TATAELXSI,5067.65,NFO:TATAELXSI25APRFUT,4962.85,104.8
2025-04-01T12:09:00+0530,NSE:TATAELXSI,5070,NFO:TATAELXSI25APRFUT,4965,105.0
2025-04-01T12:10:00+0530,NSE:TATAELXSI,5075,NFO:TATAELXSI25APRFUT,4973.65,101.35
2025-04-01T12:11:00+0530,NSE:TATAELXSI,5076.1,NFO:TATAELXSI25APRFUT,4976.6,99.5
2025-04-01T12:12:00+0530,NSE:TATAELXSI,5073,NFO:TATAELXSI25APRFUT,4973.55,99.45
2025-04-01T12:13:00+0530,NSE:TATAELXSI,5082,NFO:TATAELXSI25APRFUT,4986,96.0
2025-04-01T12:14:00+0530,NSE:TATAELXSI,5087.3,NFO:TATAELXSI25APRFUT,4990.9,96.4
2025-04-01T12:15:00+0530,NSE:TATAELXSI,5096.95,NFO:TATAELXSI25APRFUT,5006.55,90.4
2025-04-01T12:16:00+0530,NSE:TATAELXSI,5093.25,NFO:TATAELXSI25APRFUT,5003.9,89.35
2025-04-01T12:17:00+0530,NSE:TATAELXSI,5089.6,NFO:TATAELXSI25APRFUT,4998.3,91.3
2025-04-01T12:18:00+0530,NSE:TATAELXSI,5089.7,NFO:TATAELXSI25APRFUT,4999.95,89.75
2025-04-01T12:19:00+0530,NSE:TATAELXSI,5091.25,NFO:TATAELXSI25APRFUT,5007,84.25
2025-04-01T12:20:00+0530,NSE:TATAELXSI,5089.6,NFO:TATAELXSI25APRFUT,5003.95,85.65
2025-04-01T12:21:00+0530,NSE:TATAELXSI,5087.95,NFO:TATAELXSI25APRFUT,5005,82.95
2025-04-01T12:22:00+0530,NSE:TATAELXSI,5080.35,NFO:TATAELXSI25APRFUT,4998,82.35
2025-04-01T12:23:00+0530,NSE:TATAELXSI,5077.55,NFO:TATAELXSI25APRFUT,4992.3,85.25
2025-04-01T12:24:00+0530,NSE:TATAELXSI,5095.5,NFO:TATAELXSI25APRFUT,4999.65,95.85
2025-04-01T12:25:00+0530,NSE:TATAELXSI,5094.35,NFO:TATAELXSI25APRFUT,5000.85,93.5
2025-04-01T12:26:00+0530,NSE:TATAELXSI,5094,NFO:TATAELXSI25APRFUT,5006.6,87.4
2025-04-01T12:27:00+0530,NSE:TATAELXSI,5093.75,NFO:TATAELXSI25APRFUT,5004.2,89.55
2025-04-01T12:28:00+0530,NSE:TATAELXSI,5095.9,NFO:TATAELXSI25APRFUT,5008.55,87.35
2025-04-01T12:29:00+0530,NSE:TATAELXSI,5094,NFO:TATAELXSI25APRFUT,5004.4,89.6
2025-04-01T12:30:00+0530,NSE:TATAELXSI,5097,NFO:TATAELXSI25APRFUT,5006.3,90.7
2025-04-01T12:31:00+0530,NSE:TATAELXSI,5105.9,NFO:TATAELXSI25APRFUT,5018.55,87.35
2025-04-01T12:32:00+0530,NSE:TATAELXSI,5103,NFO:TATAELXSI25APRFUT,5015,88.0
2025-04-01T12:33:00+0530,NSE:TATAELXSI,5103.6,NFO:TATAELXSI25APRFUT,5012.35,91.25
2025-04-01T12:34:00+0530,NSE:TATAELXSI,5103.45,NFO:TATAELXSI25APRFUT,5015,88.45
2025-04-01T12:35:00+0530,NSE:TATAELXSI,5105,NFO:TATAELXSI25APRFUT,5016.6,88.4
2025-04-01T12:36:00+0530,NSE:TATAELXSI,5099,NFO:TATAELXSI25APRFUT,5006.2,92.8
2025-04-01T12:37:00+0530,NSE:TATAELXSI,5101.2,NFO:TATAELXSI25APRFUT,5012.05,89.15
2025-04-01T12:38:00+0530,NSE:TATAELXSI,5108.5,NFO:TATAELXSI25APRFUT,5021,87.5
2025-04-01T12:39:00+0530,NSE:TATAELXSI,5105.45,NFO:TATAELXSI25APRFUT,5018,87.45
2025-04-01T12:40:00+0530,NSE:TATAELXSI,5102.9,NFO:TATAELXSI25APRFUT,5017.85,85.05
2025-04-01T12:41:00+0530,NSE:TATAELXSI,5105.05,NFO:TATAELXSI25APRFUT,5014.25,90.8
2025-04-01T12:42:00+0530,NSE:TATAELXSI,5105.05,NFO:TATAELXSI25APRFUT,5014.25,90.8
2025-04-01T12:43:00+0530,NSE:TATAELXSI,5105,NFO:TATAELXSI25APRFUT,5017.45,87.55
2025-04-01T12:44:00+0530,NSE:TATAELXSI,5104.05,NFO:TATAELXSI25APRFUT,5014.4,89.65
2025-04-01T12:45:00+0530,NSE:TATAELXSI,5107,NFO:TATAELXSI25APRFUT,5014.4,92.6
2025-04-01T12:46:00+0530,NSE:TATAELXSI,5106.9,NFO:TATAELXSI25APRFUT,5019.3,87.6
2025-04-01T12:47:00+0530,NSE:TATAELXSI,5106.85,NFO:TATAELXSI25APRFUT,5019.3,87.55
2025-04-01T12:48:00+0530,NSE:TATAELXSI,5106,NFO:TATAELXSI25APRFUT,5015.65,90.35
2025-04-01T12:49:00+0530,NSE:TATAELXSI,5103.55,NFO:TATAELXSI25APRFUT,5015.65,87.9
2025-04-01T12:50:00+0530,NSE:TATAELXSI,5106.8,NFO:TATAELXSI25APRFUT,5015.65,91.15
2025-04-01T12:51:00+0530,NSE:TATAELXSI,5106,NFO:TATAELXSI25APRFUT,5014.3,91.7
2025-04-01T12:52:00+0530,NSE:TATAELXSI,5106,NFO:TATAELXSI25APRFUT,5017.3,88.7
2025-04-01T12:53:00+0530,NSE:TATAELXSI,5099.8,NFO:TATAELXSI25APRFUT,5010,89.8
2025-04-01T12:54:00+0530,NSE:TATAELXSI,5100.8,NFO:TATAELXSI25APRFUT,5012.95,87.85
2025-04-01T12:55:00+0530,NSE:TATAELXSI,5098.25,NFO:TATAELXSI25APRFUT,5006.35,91.9
2025-04-01T12:56:00+0530,NSE:TATAELXSI,5090,NFO:TATAELXSI25APRFUT,5003.55,86.45
2025-04-01T12:57:00+0530,NSE:TATAELXSI,5092,NFO:TATAELXSI25APRFUT,5003,89.0
2025-04-01T12:58:00+0530,NSE:TATAELXSI,5089.45,NFO:TATAELXSI25APRFUT,5003.25,86.2
2025-04-01T12:59:00+0530,NSE:TATAELXSI,5086.3,NFO:TATAELXSI25APRFUT,4997.9,88.4
2025-04-01T13:00:00+0530,NSE:TATAELXSI,5085,NFO:TATAELXSI25APRFUT,4996,89.0
2025-04-01T13:01:00+0530,NSE:TATAELXSI,5085,NFO:TATAELXSI25APRFUT,4994.35,90.65
2025-04-01T13:02:00+0530,NSE:TATAELXSI,5088.65,NFO:TATAELXSI25APRFUT,4996.8,91.85
2025-04-01T13:03:00+0530,NSE:TATAELXSI,5090.65,NFO:TATAELXSI25APRFUT,4999.55,91.1
2025-04-01T13:04:00+0530,NSE:TATAELXSI,5087,NFO:TATAELXSI25APRFUT,4996.9,90.1
2025-04-01T13:05:00+0530,NSE:TATAELXSI,5085.65,NFO:TATAELXSI25APRFUT,4998.95,86.7
2025-04-01T13:06:00+0530,NSE:TATAELXSI,5087,NFO:TATAELXSI25APRFUT,4994,93.0
2025-04-01T13:07:00+0530,NSE:TATAELXSI,5085,NFO:TATAELXSI25APRFUT,4993.6,91.4
2025-04-01T13:08:00+0530,NSE:TATAELXSI,5086.05,NFO:TATAELXSI25APRFUT,4993.3,92.75
2025-04-01T13:09:00+0530,NSE:TATAELXSI,5073.4,NFO:TATAELXSI25APRFUT,4984.95,88.45
2025-04-01T13:10:00+0530,NSE:TATAELXSI,5072.1,NFO:TATAELXSI25APRFUT,4984.05,88.05
2025-04-01T13:11:00+0530,NSE:TATAELXSI,5067.7,NFO:TATAELXSI25APRFUT,4980.25,87.45
2025-04-01T13:12:00+0530,NSE:TATAELXSI,5072.25,NFO:TATAELXSI25APRFUT,4983.2,89.05
2025-04-01T13:13:00+0530,NSE:TATAELXSI,5069.9,NFO:TATAELXSI25APRFUT,4978,91.9
2025-04-01T13:14:00+0530,NSE:TATAELXSI,5065.9,NFO:TATAELXSI25APRFUT,4979.45,86.45
2025-04-01T13:15:00+0530,NSE:TATAELXSI,5080,NFO:TATAELXSI25APRFUT,4991.05,88.95
2025-04-01T13:16:00+0530,NSE:TATAELXSI,5075,NFO:TATAELXSI25APRFUT,4988.1,86.9
2025-04-01T13:17:00+0530,NSE:TATAELXSI,5069.95,NFO:TATAELXSI25APRFUT,4980,89.95
2025-04-01T13:18:00+0530,NSE:TATAELXSI,5070,NFO:TATAELXSI25APRFUT,4980.45,89.55
2025-04-01T13:19:00+0530,NSE:TATAELXSI,5070,NFO:TATAELXSI25APRFUT,4981.05,88.95
2025-04-01T13:20:00+0530,NSE:TATAELXSI,5068.2,NFO:TATAELXSI25APRFUT,4982.2,86.0
2025-04-01T13:21:00+0530,NSE:TATAELXSI,5070.85,NFO:TATAELXSI25APRFUT,4982,88.85
2025-04-01T13:22:00+0530,NSE:TATAELXSI,5066.55,NFO:TATAELXSI25APRFUT,4980.6,85.95
2025-04-01T13:23:00+0530,NSE:TATAELXSI,5075.15,NFO:TATAELXSI25APRFUT,4980.55,94.6
2025-04-01T13:24:00+0530,NSE:TATAELXSI,5072,NFO:TATAELXSI25APRFUT,4983.05,88.95
2025-04-01T13:25:00+0530,NSE:TATAELXSI,5064,NFO:TATAELXSI25APRFUT,4975,89.0
2025-04-01T13:26:00+0530,NSE:TATAELXSI,5066,NFO:TATAELXSI25APRFUT,4977.05,88.95
2025-04-01T13:27:00+0530,NSE:TATAELXSI,5064,NFO:TATAELXSI25APRFUT,4973.05,90.95
2025-04-01T13:28:00+0530,NSE:TATAELXSI,5063.05,NFO:TATAELXSI25APRFUT,4972.6,90.45
2025-04-01T13:29:00+0530,NSE:TATAELXSI,5059,NFO:TATAELXSI25APRFUT,4972.75,86.25
2025-04-01T13:30:00+0530,NSE:TATAELXSI,5060.85,NFO:TATAELXSI25APRFUT,4967,93.85
2025-04-01T13:31:00+0530,NSE:TATAELXSI,5062,NFO:TATAELXSI25APRFUT,4971.95,90.05
2025-04-01T13:32:00+0530,NSE:TATAELXSI,5069,NFO:TATAELXSI25APRFUT,4977.85,91.15
2025-04-01T13:33:00+0530,NSE:TATAELXSI,5066.5,NFO:TATAELXSI25APRFUT,4977.85,88.65
2025-04-01T13:34:00+0530,NSE:TATAELXSI,5070.7,NFO:TATAELXSI25APRFUT,4978.8,91.9
2025-04-01T13:35:00+0530,NSE:TATAELXSI,5072.9,NFO:TATAELXSI25APRFUT,4983.05,89.85
2025-04-01T13:36:00+0530,NSE:TATAELXSI,5073,NFO:TATAELXSI25APRFUT,4983.25,89.75
2025-04-01T13:37:00+0530,NSE:TATAELXSI,5071.85,NFO:TATAELXSI25APRFUT,4981.05,90.8
2025-04-01T13:38:00+0530,NSE:TATAELXSI,5071,NFO:TATAELXSI25APRFUT,4981.05,89.95
2025-04-01T13:39:00+0530,NSE:TATAELXSI,5072,NFO:TATAELXSI25APRFUT,4981.05,90.95
2025-04-01T13:40:00+0530,NSE:TATAELXSI,5072,NFO:TATAELXSI25APRFUT,4981,91.0
2025-04-01T13:41:00+0530,NSE:TATAELXSI,5074,NFO:TATAELXSI25APRFUT,4981,93.0
2025-04-01T13:42:00+0530,NSE:TATAELXSI,5081,NFO:TATAELXSI25APRFUT,4993.95,87.05
2025-04-01T13:43:00+0530,NSE:TATAELXSI,5077.85,NFO:TATAELXSI25APRFUT,4990.05,87.8
2025-04-01T13:44:00+0530,NSE:TATAELXSI,5073.45,NFO:TATAELXSI25APRFUT,4988,85.45
2025-04-01T13:45:00+0530,NSE:TATAELXSI,5079.75,NFO:TATAELXSI25APRFUT,4991.05,88.7
2025-04-01T13:46:00+0530,NSE:TATAELXSI,5079.3,NFO:TATAELXSI25APRFUT,4991.05,88.25
2025-04-01T13:47:00+0530,NSE:TATAELXSI,5073.5,NFO:TATAELXSI25APRFUT,4988.1,85.4
2025-04-01T13:48:00+0530,NSE:TATAELXSI,5078.85,NFO:TATAELXSI25APRFUT,4989.7,89.15
2025-04-01T13:49:00+0530,NSE:TATAELXSI,5078.85,NFO:TATAELXSI25APRFUT,4987.95,90.9
2025-04-01T13:50:00+0530,NSE:TATAELXSI,5081.1,NFO:TATAELXSI25APRFUT,4987.95,93.15
